-- Your SQL goes here
CREATE TABLE item_pockets (
	id INTEGER NOT NULL, 
	identifier VARCHAR(50) NOT NULL, 
	PRIMARY KEY (id), 
	UNIQUE (identifier)
);

CREATE TABLE item_fling_effects (
	id INTEGER NOT NULL, 
	identifier VARCHAR(50) NOT NULL, 
	PRIMARY KEY (id), 
	UNIQUE (identifier)
);

CREATE TABLE item_categories (
	id INTEGER NOT NULL, 
	pocket_id INTEGER NOT NULL, 
	identifier VARCHAR(50) NOT NULL, 
	PRIMARY KEY (id), 
	FOREIGN KEY(pocket_id) REFERENCES item_pockets (id), 
	UNIQUE (identifier)
);

CREATE TABLE items (
	id INTEGER NOT NULL, 
	identifier VARCHAR(50) NOT NULL, 
	category_id INTEGER NOT NULL, 
	cost INTEGER NOT NULL, 
	fling_power INTEGER, 
	fling_effect_id INTEGER, 
	PRIMARY KEY (id), 
	FOREIGN KEY(category_id) REFERENCES item_categories (id), 
	FOREIGN KEY(fling_effect_id) REFERENCES item_fling_effects (id)
);

INSERT INTO "item_fling_effects" ("id", "identifier") VALUES
('1', 'badly-poison'),
('2', 'burn'),
('3', 'berry-effect'),
('4', 'herb-effect'),
('5', 'paralyze'),
('6', 'poison'),
('7', 'flinch');

INSERT INTO "item_pockets" ("id", "identifier") VALUES
('1', 'misc'),
('2', 'medicine'),
('3', 'pokeballs'),
('4', 'machines'),
('5', 'berries'),
('6', 'mail'),
('7', 'battle'),
('8', 'key');

INSERT INTO "item_categories" ("id", "pocket_id", "identifier") VALUES
('1', '7', 'stat-boosts'),
('2', '5', 'effort-drop'),
('3', '5', 'medicine'),
('4', '5', 'other'),
('5', '5', 'in-a-pinch'),
('6', '5', 'picky-healing'),
('7', '5', 'type-protection'),
('8', '5', 'baking-only'),
('9', '1', 'collectibles'),
('10', '1', 'evolution'),
('11', '1', 'spelunking'),
('12', '1', 'held-items'),
('13', '1', 'choice'),
('14', '1', 'effort-training'),
('15', '1', 'bad-held-items'),
('16', '1', 'training'),
('17', '1', 'plates'),
('18', '1', 'species-specific'),
('19', '1', 'type-enhancement'),
('20', '8', 'event-items'),
('21', '8', 'gameplay'),
('22', '8', 'plot-advancement'),
('23', '8', 'unused'),
('24', '1', 'loot'),
('25', '6', 'all-mail'),
('26', '2', 'vitamins'),
('27', '2', 'healing'),
('28', '2', 'pp-recovery'),
('29', '2', 'revival'),
('30', '2', 'status-cures'),
('32', '1', 'mulch'),
('33', '3', 'special-balls'),
('34', '3', 'standard-balls'),
('35', '1', 'dex-completion'),
('36', '1', 'scarves'),
('37', '4', 'all-machines'),
('38', '7', 'flutes'),
('39', '3', 'apricorn-balls'),
('40', '8', 'apricorn-box'),
('41', '8', 'data-cards'),
('42', '1', 'jewels'),
('43', '7', 'miracle-shooter'),
('44', '1', 'mega-stones'),
('45', '1', 'memories'),
('46', '8', 'z-crystals'),
('47', '1', 'species-candies'),
('48', '5', 'catching-bonus'),
('49', '1', 'dynamax-crystals'),
('50', '2', 'nature-mints'),
('51', '1', 'curry-ingredients'),
('52', '1', 'tera-shard'),
('53', '1', 'sandwich-ingredients'),
('54', '1', 'tm-materials'),
('55', '1', 'picnic');

INSERT INTO "items" ("id", "identifier", "category_id", "cost", "fling_power", "fling_effect_id") VALUES
('1', 'master-ball', '34', '0', NULL, NULL),
('2', 'ultra-ball', '34', '800', NULL, NULL),
('3', 'great-ball', '34', '600', NULL, NULL),
('4', 'poke-ball', '34', '200', NULL, NULL),
('5', 'safari-ball', '34', '0', NULL, NULL),
('6', 'net-ball', '33', '1000', NULL, NULL),
('7', 'dive-ball', '33', '1000', NULL, NULL),
('8', 'nest-ball', '33', '1000', NULL, NULL),
('9', 'repeat-ball', '33', '1000', NULL, NULL),
('10', 'timer-ball', '33', '1000', NULL, NULL),
('11', 'luxury-ball', '33', '3000', NULL, NULL),
('12', 'premier-ball', '33', '20', NULL, NULL),
('13', 'dusk-ball', '33', '1000', NULL, NULL),
('14', 'heal-ball', '33', '300', NULL, NULL),
('15', 'quick-ball', '33', '1000', NULL, NULL),
('16', 'cherish-ball', '33', '0', NULL, NULL),
('17', 'potion', '27', '200', '30', NULL),
('18', 'antidote', '30', '200', '30', NULL),
('19', 'burn-heal', '30', '200', '30', NULL),
('20', 'ice-heal', '30', '200', '30', NULL),
('21', 'awakening', '30', '200', '30', NULL),
('22', 'paralyze-heal', '30', '200', '30', NULL),
('23', 'full-restore', '27', '3000', '30', NULL),
('24', 'max-potion', '27', '2500', '30', NULL),
('25', 'hyper-potion', '27', '1500', '30', NULL),
('26', 'super-potion', '27', '700', '30', NULL),
('27', 'full-heal', '30', '400', '30', NULL),
('28', 'revive', '29', '2000', '30', NULL),
('29', 'max-revive', '29', '4000', '30', NULL),
('30', 'fresh-water', '27', '200', '30', NULL),
('31', 'soda-pop', '27', '300', '30', NULL),
('32', 'lemonade', '27', '400', '30', NULL),
('33', 'moomoo-milk', '27', '600', '30', NULL),
('34', 'energy-powder', '27', '500', '30', NULL),
('35', 'energy-root', '27', '1200', '30', NULL),
('36', 'heal-powder', '30', '300', '30', NULL),
('37', 'revival-herb', '29', '2800', '30', NULL),
('38', 'ether', '28', '1200', '30', NULL),
('39', 'max-ether', '28', '2000', '30', NULL),
('40', 'elixir', '28', '3000', '30', NULL),
('41', 'max-elixir', '28', '4500', '30', NULL),
('42', 'lava-cookie', '30', '350', '30', NULL),
('43', 'berry-juice', '27', '200', '30', NULL),
('44', 'sacred-ash', '29', '50000', '30', NULL),
('45', 'hp-up', '26', '10000', '30', NULL),
('46', 'protein', '26', '10000', '30', NULL),
('47', 'iron', '26', '10000', '30', NULL),
('48', 'carbos', '26', '10000', '30', NULL),
('49', 'calcium', '26', '10000', '30', NULL),
('50', 'rare-candy', '26', '10000', '30', NULL),
('51', 'pp-up', '26', '10000', '30', NULL),
('52', 'zinc', '26', '10000', '30', NULL),
('53', 'pp-max', '26', '10000', '30', NULL),
('54', 'old-gateau', '30', '350', '30', NULL),
('55', 'guard-spec', '1', '1500', '30', NULL),
('56', 'dire-hit', '1', '1000', '30', NULL),
('57', 'x-attack', '1', '1000', '30', NULL),
('58', 'x-defense', '1', '2000', '30', NULL),
('59', 'x-speed', '1', '1000', '30', NULL),
('60', 'x-accuracy', '1', '1000', '30', NULL),
('61', 'x-sp-atk', '1', '1000', '30', NULL),
('62', 'x-sp-def', '1', '2000', '30', NULL),
('63', 'poke-doll', '11', '300', '30', NULL),
('64', 'fluffy-tail', '11', '100', '30', NULL),
('65', 'blue-flute', '38', '20', '30', NULL),
('66', 'yellow-flute', '38', '20', '30', NULL),
('67', 'red-flute', '38', '20', '30', NULL),
('68', 'black-flute', '11', '20', '30', NULL),
('69', 'white-flute', '11', '20', '30', NULL),
('70', 'shoal-salt', '9', '20', '30', NULL),
('71', 'shoal-shell', '9', '20', '30', NULL),
('72', 'red-shard', '9', '1000', '30', NULL),
('73', 'blue-shard', '9', '1000', '30', NULL),
('74', 'yellow-shard', '9', '1000', '30', NULL),
('75', 'green-shard', '9', '1000', '30', NULL),
('76', 'super-repel', '11', '700', '30', NULL),
('77', 'max-repel', '11', '900', '30', NULL),
('78', 'escape-rope', '11', '300', '30', NULL),
('79', 'repel', '11', '400', '30', NULL),
('80', 'sun-stone', '10', '3000', '30', NULL),
('81', 'moon-stone', '10', '3000', '30', NULL),
('82', 'fire-stone', '10', '3000', '30', NULL),
('83', 'thunder-stone', '10', '3000', '30', NULL),
('84', 'water-stone', '10', '3000', '30', NULL),
('85', 'leaf-stone', '10', '3000', '30', NULL),
('86', 'tiny-mushroom', '24', '500', '30', NULL),
('87', 'big-mushroom', '24', '5000', '30', NULL),
('88', 'pearl', '24', '2000', '30', NULL),
('89', 'big-pearl', '24', '8000', '30', NULL),
('90', 'stardust', '24', '3000', '30', NULL),
('91', 'star-piece', '24', '12000', '30', NULL),
('92', 'nugget', '24', '10000', '30', NULL),
('93', 'heart-scale', '9', '100', '30', NULL),
('94', 'honey', '35', '900', '30', NULL),
('95', 'growth-mulch', '32', '200', '30', NULL),
('96', 'damp-mulch', '32', '200', '30', NULL),
('97', 'stable-mulch', '32', '200', '30', NULL),
('98', 'gooey-mulch', '32', '200', '30', NULL),
('99', 'root-fossil', '35', '7000', '100', NULL),
('100', 'claw-fossil', '35', '7000', '100', NULL),
('101', 'helix-fossil', '35', '7000', '100', NULL),
('102', 'dome-fossil', '35', '7000', '100', NULL),
('103', 'old-amber', '35', '10000', '100', NULL),
('104', 'armor-fossil', '35', '7000', '100', NULL),
('105', 'skull-fossil', '35', '7000', '100', NULL),
('106', 'rare-bone', '24', '5000', '100', NULL),
('107', 'shiny-stone', '10', '3000', '80', NULL),
('108', 'dusk-stone', '10', '3000', '80', NULL),
('109', 'dawn-stone', '10', '3000', '80', NULL),
('110', 'oval-stone', '10', '2000', '80', NULL),
('111', 'odd-keystone', '35', '2100', '80', NULL),
('112', 'adamant-orb', '18', '0', '60', NULL),
('113', 'lustrous-orb', '18', '0', '60', NULL),
('114', 'grass-mail', '25', '50', NULL, NULL),
('115', 'flame-mail', '25', '50', NULL, NULL),
('116', 'bubble-mail', '25', '50', NULL, NULL),
('117', 'bloom-mail', '25', '50', NULL, NULL),
('118', 'tunnel-mail', '25', '50', NULL, NULL),
('119', 'steel-mail', '25', '50', NULL, NULL),
('120', 'heart-mail', '25', '50', NULL, NULL),
('121', 'snow-mail', '25', '50', NULL, NULL),
('122', 'space-mail', '25', '50', NULL, NULL),
('123', 'air-mail', '25', '50', NULL, NULL),
('124', 'mosaic-mail', '25', '50', NULL, NULL),
('125', 'brick-mail', '25', '50', NULL, NULL),
('126', 'cheri-berry', '3', '80', '10', '3'),
('127', 'chesto-berry', '3', '80', '10', '3'),
('128', 'pecha-berry', '3', '80', '10', '3'),
('129', 'rawst-berry', '3', '80', '10', '3'),
('130', 'aspear-berry', '3', '80', '10', '3'),
('131', 'leppa-berry', '3', '80', '10', '3'),
('132', 'oran-berry', '3', '80', '10', '3'),
('133', 'persim-berry', '3', '80', '10', '3'),
('134', 'lum-berry', '3', '80', '10', '3'),
('135', 'sitrus-berry', '3', '80', '10', '3'),
('136', 'figy-berry', '6', '80', '10', '3'),
('137', 'wiki-berry', '6', '80', '10', '3'),
('138', 'mago-berry', '6', '80', '10', '3'),
('139', 'aguav-berry', '6', '80', '10', '3'),
('140', 'iapapa-berry', '6', '80', '10', '3'),
('141', 'razz-berry', '8', '200', '10', NULL),
('142', 'bluk-berry', '8', '20', '10', NULL),
('143', 'nanab-berry', '8', '200', '10', NULL),
('144', 'wepear-berry', '8', '20', '10', NULL),
('145', 'pinap-berry', '8', '200', '10', NULL),
('146', 'pomeg-berry', '2', '80', '10', NULL),
('147', 'kelpsy-berry', '2', '80', '10', NULL),
('148', 'qualot-berry', '2', '80', '10', NULL),
('149', 'hondew-berry', '2', '80', '10', NULL),
('150', 'grepa-berry', '2', '80', '10', NULL),
('151', 'tamato-berry', '2', '80', '10', NULL),
('152', 'cornn-berry', '8', '20', '10', NULL),
('153', 'magost-berry', '8', '20', '10', NULL),
('154', 'rabuta-berry', '8', '20', '10', NULL),
('155', 'nomel-berry', '8', '20', '10', NULL),
('156', 'spelon-berry', '8', '20', '10', NULL),
('157', 'pamtre-berry', '8', '20', '10', NULL),
('158', 'watmel-berry', '8', '20', '10', NULL),
('159', 'durin-berry', '8', '20', '10', NULL),
('160', 'belue-berry', '8', '20', '10', NULL),
('161', 'occa-berry', '7', '80', '10', NULL),
('162', 'passho-berry', '7', '80', '10', NULL),
('163', 'wacan-berry', '7', '80', '10', NULL),
('164', 'rindo-berry', '7', '80', '10', NULL),
('165', 'yache-berry', '7', '80', '10', NULL),
('166', 'chople-berry', '7', '80', '10', NULL),
('167', 'kebia-berry', '7', '80', '10', NULL),
('168', 'shuca-berry', '7', '80', '10', NULL),
('169', 'coba-berry', '7', '80', '10', NULL),
('170', 'payapa-berry', '7', '80', '10', NULL),
('171', 'tanga-berry', '7', '80', '10', NULL),
('172', 'charti-berry', '7', '80', '10', NULL),
('173', 'kasib-berry', '7', '80', '10', NULL),
('174', 'haban-berry', '7', '80', '10', NULL),
('175', 'colbur-berry', '7', '80', '10', NULL),
('176', 'babiri-berry', '7', '80', '10', NULL),
('177', 'chilan-berry', '7', '80', '10', NULL),
('178', 'liechi-berry', '5', '80', '10', '3'),
('179', 'ganlon-berry', '5', '80', '10', '3'),
('180', 'salac-berry', '5', '80', '10', '3'),
('181', 'petaya-berry', '5', '80', '10', '3'),
('182', 'apicot-berry', '5', '80', '10', '3'),
('183', 'lansat-berry', '5', '80', '10', '3'),
('184', 'starf-berry', '5', '80', '10', '3'),
('185', 'enigma-berry', '4', '80', '10', NULL),
('186', 'micle-berry', '5', '80', '10', '3'),
('187', 'custap-berry', '5', '80', '10', NULL),
('188', 'jaboca-berry', '4', '80', '10', NULL),
('189', 'rowap-berry', '4', '80', '10', NULL),
('190', 'bright-powder', '12', '4000', '10', NULL),
('191', 'white-herb', '12', '4000', '10', '4'),
('192', 'macho-brace', '14', '3000', '60', NULL),
('193', 'exp-share', '16', '0', NULL, NULL),
('194', 'quick-claw', '12', '4000', '80', NULL),
('195', 'soothe-bell', '16', '4000', '10', NULL),
('196', 'mental-herb', '12', '4000', '10', '4'),
('197', 'choice-band', '13', '4000', '10', NULL),
('198', 'kings-rock', '12', '5000', '30', '7'),
('199', 'silver-powder', '19', '1000', '10', NULL),
('200', 'amulet-coin', '16', '10000', '30', NULL),
('201', 'cleanse-tag', '16', '5000', '30', NULL),
('202', 'soul-dew', '18', '0', '30', NULL),
('203', 'deep-sea-tooth', '18', '2000', '90', NULL),
('204', 'deep-sea-scale', '18', '2000', '30', NULL),
('205', 'smoke-ball', '12', '4000', '30', NULL),
('206', 'everstone', '16', '3000', '30', NULL),
('207', 'focus-band', '12', '4000', '10', NULL),
('208', 'lucky-egg', '16', '10000', '30', NULL),
('209', 'scope-lens', '12', '4000', '30', NULL),
('210', 'metal-coat', '19', '2000', '30', NULL),
('211', 'leftovers', '12', '4000', '10', NULL),
('212', 'dragon-scale', '10', '2000', '30', NULL),
('213', 'light-ball', '18', '1000', '30', '5'),
('214', 'soft-sand', '19', '1000', '10', NULL),
('215', 'hard-stone', '19', '1000', '100', NULL),
('216', 'miracle-seed', '19', '1000', '30', NULL),
('217', 'black-glasses', '19', '1000', '30', NULL),
('218', 'black-belt', '19', '1000', '30', NULL),
('219', 'magnet', '19', '1000', '30', NULL),
('220', 'mystic-water', '19', '1000', '30', NULL),
('221', 'sharp-beak', '19', '1000', '50', NULL),
('222', 'poison-barb', '19', '1000', '70', '6'),
('223', 'never-melt-ice', '19', '1000', '30', NULL),
('224', 'spell-tag', '19', '1000', '30', NULL),
('225', 'twisted-spoon', '19', '1000', '30', NULL),
('226', 'charcoal', '19', '1000', '30', NULL),
('227', 'dragon-fang', '19', '1000', '70', NULL),
('228', 'silk-scarf', '19', '1000', '10', NULL),
('229', 'up-grade', '10', '2000', '30', NULL),
('230', 'shell-bell', '12', '4000', '30', NULL),
('231', 'sea-incense', '19', '2000', '10', NULL),
('232', 'lax-incense', '12', '5000', '10', NULL),
('233', 'lucky-punch', '18', '1000', '40', NULL),
('234', 'metal-powder', '18', '1000', '10', NULL),
('235', 'thick-club', '18', '1000', '90', NULL),
('236', 'stick', '18', '1000', '60', NULL),
('237', 'red-scarf', '36', '100', '10', NULL),
('238', 'blue-scarf', '36', '100', '10', NULL),
('239', 'pink-scarf', '36', '100', '10', NULL),
('240', 'green-scarf', '36', '100', '10', NULL),
('241', 'yellow-scarf', '36', '100', '10', NULL),
('242', 'wide-lens', '12', '4000', '10', NULL),
('243', 'muscle-band', '12', '4000', '10', NULL),
('244', 'wise-glasses', '12', '4000', '10', NULL),
('245', 'expert-belt', '12', '4000', '10', NULL),
('246', 'light-clay', '12', '4000', '30', NULL),
('247', 'life-orb', '12', '4000', '30', NULL),
('248', 'power-herb', '12', '4000', '10', NULL),
('249', 'toxic-orb', '15', '4000', '30', '1'),
('250', 'flame-orb', '15', '4000', '30', '2'),
('251', 'quick-powder', '18', '1000', '10', NULL),
('252', 'focus-sash', '12', '4000', '10', NULL),
('253', 'zoom-lens', '12', '4000', '10', NULL),
('254', 'metronome', '12', '4000', '30', NULL),
('255', 'iron-ball', '15', '4000', '130', NULL),
('256', 'lagging-tail', '15', '4000', '10', NULL),
('257', 'destiny-knot', '12', '4000', '10', NULL),
('258', 'black-sludge', '12', '4000', '30', NULL),
('259', 'icy-rock', '12', '4000', '40', NULL),
('260', 'smooth-rock', '12', '4000', '10', NULL),
('261', 'heat-rock', '12', '4000', '60', NULL),
('262', 'damp-rock', '12', '4000', '60', NULL),
('263', 'grip-claw', '12', '4000', '90', NULL),
('264', 'choice-scarf', '13', '4000', '10', NULL),
('265', 'sticky-barb', '15', '4000', '80', NULL),
('266', 'power-bracer', '14', '3000', '70', NULL),
('267', 'power-belt', '14', '3000', '70', NULL),
('268', 'power-lens', '14', '3000', '70', NULL),
('269', 'power-band', '14', '3000', '70', NULL),
('270', 'power-anklet', '14', '3000', '70', NULL),
('271', 'power-weight', '14', '3000', '70', NULL),
('272', 'shed-shell', '12', '4000', '10', NULL),
('273', 'big-root', '12', '4000', '10', NULL),
('274', 'choice-specs', '13', '4000', '10', NULL),
('275', 'flame-plate', '17', '1000', '90', NULL),
('276', 'splash-plate', '17', '1000', '90', NULL),
('277', 'zap-plate', '17', '1000', '90', NULL),
('278', 'meadow-plate', '17', '1000', '90', NULL),
('279', 'icicle-plate', '17', '1000', '90', NULL),
('280', 'fist-plate', '17', '1000', '90', NULL),
('281', 'toxic-plate', '17', '1000', '90', NULL),
('282', 'earth-plate', '17', '1000', '90', NULL),
('283', 'sky-plate', '17', '1000', '90', NULL),
('284', 'mind-plate', '17', '1000', '90', NULL),
('285', 'insect-plate', '17', '1000', '90', NULL),
('286', 'stone-plate', '17', '1000', '90', NULL),
('287', 'spooky-plate', '17', '1000', '90', NULL),
('288', 'draco-plate', '17', '1000', '90', NULL),
('289', 'dread-plate', '17', '1000', '90', NULL),
('290', 'iron-plate', '17', '1000', '90', NULL),
('291', 'odd-incense', '19', '2000', '10', NULL),
('292', 'rock-incense', '19', '2000', '10', NULL),
('293', 'full-incense', '15', '5000', '10', NULL),
('294', 'wave-incense', '19', '2000', '10', NULL),
('295', 'rose-incense', '19', '2000', '10', NULL),
('296', 'luck-incense', '16', '11000', '10', NULL),
('297', 'pure-incense', '16', '6000', '10', NULL),
('298', 'protector', '10', '2000', '80', NULL),
('299', 'electirizer', '10', '2000', '80', NULL),
('300', 'magmarizer', '10', '2000', '80', NULL),
('301', 'dubious-disc', '10', '2000', '50', NULL),
('302', 'reaper-cloth', '10', '2000', '10', NULL),
('303', 'razor-claw', '12', '5000', '80', NULL),
('304', 'razor-fang', '12', '5000', '30', '7'),
('305', 'tm01', '37', '40000', NULL, NULL),
('306', 'tm02', '37', '1000', NULL, NULL),
('307', 'tm03', '37', '50000', NULL, NULL),
('308', 'tm04', '37', '50000', NULL, NULL),
('309', 'tm05', '37', '50000', NULL, NULL),
('310', 'tm06', '37', '1000', NULL, NULL),
('311', 'tm07', '37', '1000', NULL, NULL),
('312', 'tm08', '37', '50000', NULL, NULL),
('313', 'tm09', '37', '50000', NULL, NULL),
('314', 'tm10', '37', '1000', NULL, NULL),
('315', 'tm11', '37', '1000', NULL, NULL),
('316', 'tm12', '37', '50000', NULL, NULL),
('317', 'tm13', '37', '10000', NULL, NULL),
('318', 'tm14', '37', '1000', NULL, NULL),
('319', 'tm15', '37', '1000', NULL, NULL),
('320', 'tm16', '37', '1000', NULL, NULL),
('321', 'tm17', '37', '10000', NULL, NULL),
('322', 'tm18', '37', '10000', NULL, NULL),
('323', 'tm19', '37', '10000', NULL, NULL),
('324', 'tm20', '37', '100000', NULL, NULL),
('325', 'tm21', '37', '1000', NULL, NULL),
('326', 'tm22', '37', '1000', NULL, NULL),
('327', 'tm23', '37', '10000', NULL, NULL),
('328', 'tm24', '37', '1000', NULL, NULL),
('329', 'tm25', '37', '10000', NULL, NULL),
('330', 'tm26', '37', '1000', NULL, NULL),
('331', 'tm27', '37', '1000', NULL, NULL),
('332', 'tm28', '37', '100000', NULL, NULL),
('333', 'tm29', '37', '1000', NULL, NULL),
('334', 'tm30', '37', '1000', NULL, NULL),
('335', 'tm31', '37', '1000', NULL, NULL),
('336', 'tm32', '37', '10000', NULL, NULL),
('337', 'tm33', '37', '10000', NULL, NULL),
('338', 'tm34', '37', '10000', NULL, NULL),
('339', 'tm35', '37', '10000', NULL, NULL),
('340', 'tm36', '37', '1000', NULL, NULL),
('341', 'tm37', '37', '1000', NULL, NULL),
('342', 'tm38', '37', '1000', NULL, NULL),
('343', 'tm39', '37', '1000', NULL, NULL),
('344', 'tm40', '37', '1000', NULL, NULL),
('345', 'tm41', '37', '10000', NULL, NULL),
('346', 'tm42', '37', '1000', NULL, NULL),
('347', 'tm43', '37', '1000', NULL, NULL),
('348', 'tm44', '37', '100000', NULL, NULL),
('349', 'tm45', '37', '1000', NULL, NULL),
('350', 'tm46', '37', '30000', NULL, NULL),
('351', 'tm47', '37', '1000', NULL, NULL),
('352', 'tm48', '37', '1000', NULL, NULL),
('353', 'tm49', '37', '1000', NULL, NULL),
('354', 'tm50', '37', '10000', NULL, NULL),
('355', 'tm51', '37', '1000', NULL, NULL),
('356', 'tm52', '37', '100000', NULL, NULL),
('357', 'tm53', '37', '1000', NULL, NULL),
('358', 'tm54', '37', '1000', NULL, NULL),
('359', 'tm55', '37', '10000', NULL, NULL),
('360', 'tm56', '37', '1000', NULL, NULL),
('361', 'tm57', '37', '1000', NULL, NULL),
('362', 'tm58', '37', '1000', NULL, NULL),
('363', 'tm59', '37', '100000', NULL, NULL),
('364', 'tm60', '37', '30000', NULL, NULL),
('365', 'tm61', '37', '30000', NULL, NULL),
('366', 'tm62', '37', '30000', NULL, NULL),
('367', 'tm63', '37', '50000', NULL, NULL),
('368', 'tm64', '37', '1000', NULL, NULL),
('369', 'tm65', '37', '1000', NULL, NULL),
('370', 'tm66', '37', '30000', NULL, NULL),
('371', 'tm67', '37', '30000', NULL, NULL),
('372', 'tm68', '37', '30000', NULL, NULL),
('373', 'tm69', '37', '1000', NULL, NULL),
('374', 'tm70', '37', '50000', NULL, NULL),
('375', 'tm71', '37', '50000', NULL, NULL),
('376', 'tm72', '37', '50000', NULL, NULL),
('377', 'tm73', '37', '1000', NULL, NULL),
('378', 'tm74', '37', '1000', NULL, NULL),
('379', 'tm75', '37', '1000', NULL, NULL),
('380', 'tm76', '37', '10000', NULL, NULL),
('381', 'tm77', '37', '1000', NULL, NULL),
('382', 'tm78', '37', '1000', NULL, NULL),
('383', 'tm79', '37', '1000', NULL, NULL),
('384', 'tm80', '37', '1000', NULL, NULL),
('385', 'tm81', '37', '1000', NULL, NULL),
('386', 'tm82', '37', '1000', NULL, NULL),
('387', 'tm83', '37', '100000', NULL, NULL),
('388', 'tm84', '37', '1000', NULL, NULL),
('389', 'tm85', '37', '1000', NULL, NULL),
('390', 'tm86', '37', '1000', NULL, NULL),
('391', 'tm87', '37', '1000', NULL, NULL),
('392', 'tm88', '37', '20000', NULL, NULL),
('393', 'tm89', '37', '20000', NULL, NULL),
('394', 'tm90', '37', '20000', NULL, NULL),
('395', 'tm91', '37', '20000', NULL, NULL),
('396', 'tm92', '37', '100000', NULL, NULL),
('397', 'hm01', '37', '0', NULL, NULL),
('398', 'hm02', '37', '0', NULL, NULL),
('399', 'hm03', '37', '0', NULL, NULL),
('400', 'hm04', '37', '0', NULL, NULL),
('401', 'hm05', '37', '0', NULL, NULL),
('402', 'hm06', '37', '0', NULL, NULL),
('403', 'hm07', '37', '0', NULL, NULL),
('404', 'hm08', '37', '0', NULL, NULL),
('405', 'explorer-kit', '21', '0', NULL, NULL),
('406', 'loot-sack', '23', '0', NULL, NULL),
('407', 'rule-book', '23', '0', NULL, NULL),
('408', 'poke-radar', '21', '0', NULL, NULL),
('409', 'point-card', '21', '0', NULL, NULL),
('410', 'journal', '21', '0', NULL, NULL),
('411', 'seal-case', '21', '0', NULL, NULL),
('412', 'fashion-case', '21', '0', NULL, NULL),
('413', 'seal-bag', '23', '0', NULL, NULL),
('414', 'pal-pad', '21', '0', NULL, NULL),
('415', 'works-key', '22', '0', NULL, NULL),
('416', 'old-charm', '22', '0', NULL, NULL),
('417', 'galactic-key', '22', '0', NULL, NULL),
('418', 'red-chain', '23', '0', NULL, NULL),
('419', 'town-map', '21', '0', NULL, NULL),
('420', 'vs-seeker', '21', '0', NULL, NULL),
('421', 'coin-case', '21', '0', NULL, NULL),
('422', 'old-rod', '21', '0', NULL, NULL),
('423', 'good-rod', '21', '0', NULL, NULL),
('424', 'super-rod', '21', '0', NULL, NULL),
('425', 'sprayduck', '21', '0', NULL, NULL),
('426', 'poffin-case', '21', '0', NULL, NULL),
('427', 'bicycle', '21', '0', NULL, NULL),
('428', 'suite-key', '20', '0', NULL, NULL),
('429', 'oaks-letter', '20', '0', NULL, NULL),
('430', 'lunar-wing', '20', '0', NULL, NULL),
('431', 'member-card', '20', '0', NULL, NULL),
('432', 'azure-flute', '20', '0', NULL, NULL),
('433', 'ss-ticket', '22', '0', NULL, NULL),
('434', 'contest-pass', '21', '0', NULL, NULL),
('435', 'magma-stone', '22', '0', NULL, NULL),
('436', 'parcel', '22', '0', NULL, NULL),
('437', 'coupon-1', '22', '0', NULL, NULL),
('438', 'coupon-2', '22', '0', NULL, NULL),
('439', 'coupon-3', '22', '0', NULL, NULL),
('440', 'storage-key', '22', '0', NULL, NULL),
('441', 'secret-potion', '22', '0', NULL, NULL),
('442', 'griseous-orb', '18', '0', '60', NULL),
('443', 'vs-recorder', '21', '0', NULL, NULL),
('444', 'gracidea', '20', '0', NULL, NULL),
('445', 'secret-key', '20', '0', NULL, NULL),
('446', 'apricorn-box', '21', '0', NULL, NULL),
('447', 'berry-pots', '21', '0', NULL, NULL),
('448', 'squirt-bottle', '22', '0', NULL, NULL),
('449', 'lure-ball', '39', '0', NULL, NULL),
('450', 'level-ball', '39', '0', NULL, NULL),
('451', 'moon-ball', '39', '0', NULL, NULL),
('452', 'heavy-ball', '39', '0', NULL, NULL),
('453', 'fast-ball', '39', '0', NULL, NULL),
('454', 'friend-ball', '39', '0', NULL, NULL),
('455', 'love-ball', '39', '0', NULL, NULL),
('456', 'park-ball', '34', '0', NULL, NULL),
('457', 'sport-ball', '34', '300', NULL, NULL),
('458', 'red-apricorn', '40', '200', '10', NULL),
('459', 'blue-apricorn', '40', '200', '10', NULL),
('460', 'yellow-apricorn', '40', '200', '10', NULL),
('461', 'green-apricorn', '40', '200', '10', NULL),
('462', 'pink-apricorn', '40', '200', '10', NULL),
('463', 'white-apricorn', '40', '200', '10', NULL),
('464', 'black-apricorn', '40', '200', '10', NULL),
('465', 'dowsing-machine', '21', '0', NULL, NULL),
('466', 'rage-candy-bar', '21', '350', '30', NULL),
('467', 'red-orb', '22', '0', NULL, NULL),
('468', 'blue-orb', '22', '0', NULL, NULL),
('469', 'jade-orb', '22', '0', NULL, NULL),
('470', 'enigma-stone', '20', '0', NULL, NULL),
('471', 'unown-report', '21', '0', NULL, NULL),
('472', 'blue-card', '21', '0', NULL, NULL),
('473', 'slowpoke-tail', '23', '0', NULL, NULL),
('474', 'clear-bell', '22', '0', NULL, NULL),
('475', 'card-key', '22', '0', NULL, NULL),
('476', 'basement-key', '22', '0', NULL, NULL),
('477', 'red-scale', '22', '0', NULL, NULL),
('478', 'lost-item', '22', '0', NULL, NULL),
('479', 'pass', '22', '0', NULL, NULL),
('480', 'machine-part', '22', '0', NULL, NULL),
('481', 'silver-wing', '22', '0', NULL, NULL),
('482', 'rainbow-wing', '22', '0', NULL, NULL),
('483', 'mystery-egg', '22', '0', NULL, NULL),
('484', 'gb-sounds', '21', '0', NULL, NULL),
('485', 'tidal-bell', '22', '0', NULL, NULL),
('486', 'data-card-01', '41', '0', NULL, NULL),
('487', 'data-card-02', '41', '0', NULL, NULL),
('488', 'data-card-03', '41', '0', NULL, NULL),
('489', 'data-card-04', '41', '0', NULL, NULL),
('490', 'data-card-05', '41', '0', NULL, NULL),
('491', 'data-card-06', '41', '0', NULL, NULL),
('492', 'data-card-07', '41', '0', NULL, NULL),
('493', 'data-card-08', '41', '0', NULL, NULL),
('494', 'data-card-09', '41', '0', NULL, NULL),
('495', 'data-card-10', '41', '0', NULL, NULL),
('496', 'data-card-11', '41', '0', NULL, NULL),
('497', 'data-card-12', '41', '0', NULL, NULL),
('498', 'data-card-13', '41', '0', NULL, NULL),
('499', 'data-card-14', '41', '0', NULL, NULL),
('500', 'data-card-15', '41', '0', NULL, NULL),
('501', 'data-card-16', '41', '0', NULL, NULL),
('502', 'data-card-17', '41', '0', NULL, NULL),
('503', 'data-card-18', '41', '0', NULL, NULL),
('504', 'data-card-19', '41', '0', NULL, NULL),
('505', 'data-card-20', '41', '0', NULL, NULL),
('506', 'data-card-21', '41', '0', NULL, NULL),
('507', 'data-card-22', '41', '0', NULL, NULL),
('508', 'data-card-23', '41', '0', NULL, NULL),
('509', 'data-card-24', '41', '0', NULL, NULL),
('510', 'data-card-25', '41', '0', NULL, NULL),
('511', 'data-card-26', '41', '0', NULL, NULL),
('512', 'data-card-27', '41', '0', NULL, NULL),
('513', 'lock-capsule', '23', '0', NULL, NULL),
('514', 'photo-album', '23', '0', NULL, NULL),
('515', 'orange-mail', '25', '50', NULL, NULL),
('516', 'harbor-mail', '25', '50', NULL, NULL),
('517', 'glitter-mail', '25', '50', NULL, NULL),
('518', 'mech-mail', '25', '50', NULL, NULL),
('519', 'wood-mail', '25', '50', NULL, NULL),
('520', 'wave-mail', '25', '50', NULL, NULL),
('521', 'bead-mail', '25', '50', NULL, NULL),
('522', 'shadow-mail', '25', '50', NULL, NULL),
('523', 'tropic-mail', '25', '50', NULL, NULL),
('524', 'dream-mail', '25', '50', NULL, NULL),
('525', 'fab-mail', '25', '50', NULL, NULL),
('526', 'retro-mail', '25', '0', NULL, NULL),
('527', 'mach-bike', '21', '0', NULL, NULL),
('528', 'acro-bike', '21', '0', NULL, NULL),
('529', 'wailmer-pail', '21', '0', NULL, NULL),
('530', 'devon-goods', '22', '0', NULL, NULL),
('531', 'soot-sack', '21', '0', NULL, NULL),
('532', 'pokeblock-case', '21', '0', NULL, NULL),
('533', 'letter', '22', '0', NULL, NULL),
('534', 'eon-ticket', '20', '0', NULL, NULL),
('535', 'scanner', '22', '0', NULL, NULL),
('536', 'go-goggles', '21', '0', NULL, NULL),
('537', 'meteorite', '22', '0', NULL, NULL),
('538', 'rm-1-key', '22', '0', NULL, NULL),
('539', 'rm-2-key', '22', '0', NULL, NULL),
('540', 'rm-4-key', '22', '0', NULL, NULL),
('541', 'rm-6-key', '22', '0', NULL, NULL),
('542', 'devon-scope', '21', '0', NULL, NULL),
('543', 'oaks-parcel', '22', '0', NULL, NULL),
('544', 'poke-flute', '22', '0', NULL, NULL),
('545', 'bike-voucher', '22', '0', NULL, NULL),
('546', 'gold-teeth', '22', '0', NULL, NULL),
('547', 'lift-key', '22', '0', NULL, NULL),
('548', 'silph-scope', '22', '0', NULL, NULL),
('549', 'fame-checker', '21', '0', NULL, NULL),
('550', 'tm-case', '21', '0', NULL, NULL),
('551', 'berry-pouch', '21', '0', NULL, NULL),
('552', 'teachy-tv', '21', '0', NULL, NULL),
('553', 'tri-pass', '22', '0', NULL, NULL),
('554', 'rainbow-pass', '22', '0', NULL, NULL),
('555', 'tea', '22', '0', NULL, NULL),
('556', 'mysticticket', '20', '0', NULL, NULL),
('557', 'auroraticket', '20', '0', NULL, NULL),
('558', 'powder-jar', '21', '0', NULL, NULL),
('559', 'ruby', '22', '0', NULL, NULL),
('560', 'sapphire', '22', '0', NULL, NULL),
('561', 'magma-emblem', '22', '0', NULL, NULL),
('562', 'old-sea-map', '20', '0', NULL, NULL),
('563', 'douse-drive', '18', '0', '70', NULL),
('564', 'shock-drive', '18', '0', '70', NULL),
('565', 'burn-drive', '18', '0', '70', NULL),
('566', 'chill-drive', '18', '0', '70', NULL),
('567', 'sweet-heart', '27', '3000', '30', NULL),
('568', 'greet-mail', '25', '50', NULL, NULL),
('569', 'favored-mail', '25', '50', NULL, NULL),
('570', 'rsvp-mail', '25', '50', NULL, NULL),
('571', 'thanks-mail', '25', '50', NULL, NULL),
('572', 'inquiry-mail', '25', '50', NULL, NULL),
('573', 'like-mail', '25', '50', NULL, NULL),
('574', 'reply-mail', '25', '50', NULL, NULL),
('575', 'bridge-mail-s', '25', '50', NULL, NULL),
('576', 'bridge-mail-d', '25', '50', NULL, NULL),
('577', 'bridge-mail-t', '25', '50', NULL, NULL),
('578', 'bridge-mail-v', '25', '50', NULL, NULL),
('579', 'bridge-mail-m', '25', '50', NULL, NULL),
('580', 'prism-scale', '10', '2000', '30', NULL),
('581', 'eviolite', '12', '4000', '40', NULL),
('582', 'float-stone', '12', '4000', '30', NULL),
('583', 'rocky-helmet', '12', '4000', '60', NULL),
('584', 'air-balloon', '12', '4000', '10', NULL),
('585', 'red-card', '12', '4000', '10', NULL),
('586', 'ring-target', '12', '4000', '10', NULL),
('587', 'binding-band', '12', '4000', '30', NULL),
('588', 'absorb-bulb', '12', '4000', '30', NULL),
('589', 'cell-battery', '12', '4000', '30', NULL),
('590', 'eject-button', '12', '4000', '30', NULL),
('591', 'fire-gem', '42', '200', NULL, NULL),
('592', 'water-gem', '42', '200', NULL, NULL),
('593', 'electric-gem', '42', '200', NULL, NULL),
('594', 'grass-gem', '42', '200', NULL, NULL),
('595', 'ice-gem', '42', '200', NULL, NULL),
('596', 'fighting-gem', '42', '200', NULL, NULL),
('597', 'poison-gem', '42', '200', NULL, NULL),
('598', 'ground-gem', '42', '200', NULL, NULL),
('599', 'flying-gem', '42', '200', NULL, NULL),
('600', 'psychic-gem', '42', '200', NULL, NULL),
('601', 'bug-gem', '42', '200', NULL, NULL),
('602', 'rock-gem', '42', '200', NULL, NULL),
('603', 'ghost-gem', '42', '200', NULL, NULL),
('604', 'dark-gem', '42', '200', NULL, NULL),
('605', 'steel-gem', '42', '200', NULL, NULL),
('606', 'health-wing', '26', '300', '20', NULL),
('607', 'muscle-wing', '26', '300', '20', NULL),
('608', 'resist-wing', '26', '300', '20', NULL),
('609', 'genius-wing', '26', '300', '20', NULL),
('610', 'clever-wing', '26', '300', '20', NULL),
('611', 'swift-wing', '26', '300', '20', NULL),
('612', 'pretty-wing', '24', '1000', '20', NULL),
('613', 'cover-fossil', '35', '7000', '100', NULL),
('614', 'plume-fossil', '35', '7000', '100', NULL),
('615', 'liberty-pass', '20', '0', NULL, NULL),
('616', 'pass-orb', '12', '200', '30', NULL),
('617', 'dream-ball', '33', '0', NULL, NULL),
('618', 'poke-toy', '11', '100', '30', NULL),
('619', 'prop-case', '21', '0', NULL, NULL),
('620', 'dragon-skull', '22', '0', NULL, NULL),
('621', 'balm-mushroom', '24', '15000', '30', NULL),
('622', 'big-nugget', '24', '40000', '130', NULL),
('623', 'pearl-string', '24', '20000', '30', NULL),
('624', 'comet-shard', '24', '25000', '30', NULL),
('625', 'relic-copper', '24', '0', '30', NULL),
('626', 'relic-silver', '24', '0', '30', NULL),
('627', 'relic-gold', '24', '60000', '30', NULL),
('628', 'relic-vase', '24', '0', '30', NULL),
('629', 'relic-band', '24', '0', '30', NULL),
('630', 'relic-statue', '24', '0', '30', NULL),
('631', 'relic-crown', '24', '0', '30', NULL),
('632', 'casteliacone', '30', '350', '30', NULL),
('633', 'dire-hit-2', '43', '0', NULL, NULL),
('634', 'x-speed-2', '43', '0', NULL, NULL),
('635', 'x-sp-atk-2', '43', '0', NULL, NULL),
('636', 'x-sp-def-2', '43', '0', NULL, NULL),
('637', 'x-defense-2', '43', '0', NULL, NULL),
('638', 'x-attack-2', '43', '0', NULL, NULL),
('639', 'x-accuracy-2', '43', '0', NULL, NULL),
('640', 'x-speed-3', '43', '0', NULL, NULL),
('641', 'x-sp-atk-3', '43', '0', NULL, NULL),
('642', 'x-sp-def-3', '43', '0', NULL, NULL),
('643', 'x-defense-3', '43', '0', NULL, NULL),
('644', 'x-attack-3', '43', '0', NULL, NULL),
('645', 'x-accuracy-3', '43', '0', NULL, NULL),
('646', 'x-speed-6', '43', '0', NULL, NULL),
('647', 'x-sp-atk-6', '43', '0', NULL, NULL),
('648', 'x-sp-def-6', '43', '0', NULL, NULL),
('649', 'x-defense-6', '43', '0', NULL, NULL),
('650', 'x-attack-6', '43', '0', NULL, NULL),
('651', 'x-accuracy-6', '43', '0', NULL, NULL),
('652', 'ability-urge', '43', '0', NULL, NULL),
('653', 'item-drop', '43', '0', NULL, NULL),
('654', 'item-urge', '43', '0', NULL, NULL),
('655', 'reset-urge', '43', '0', NULL, NULL),
('656', 'dire-hit-3', '43', '0', NULL, NULL),
('657', 'light-stone', '22', '0', NULL, NULL),
('658', 'dark-stone', '22', '0', NULL, NULL),
('659', 'tm93', '37', '1000', NULL, NULL),
('660', 'tm94', '37', '10000', NULL, NULL),
('661', 'tm95', '37', '1000', NULL, NULL),
('662', 'xtransceiver', '21', '0', NULL, NULL),
('663', 'god-stone', '23', '0', NULL, NULL),
('664', 'gram-1', '22', '0', NULL, NULL),
('665', 'gram-2', '22', '0', NULL, NULL),
('666', 'gram-3', '22', '0', NULL, NULL),
('668', 'dragon-gem', '42', '200', NULL, NULL),
('669', 'normal-gem', '42', '4000', NULL, NULL),
('670', 'medal-box', '21', '0', NULL, NULL),
('671', 'dna-splicers', '21', '0', NULL, NULL),
('673', 'permit', '21', '0', NULL, NULL),
('674', 'oval-charm', '21', '0', NULL, NULL),
('675', 'shiny-charm', '21', '0', NULL, NULL),
('676', 'plasma-card', '22', '0', NULL, NULL),
('677', 'grubby-hanky', '22', '0', NULL, NULL),
('678', 'colress-machine', '22', '0', NULL, NULL),
('679', 'dropped-item', '22', '0', NULL, NULL),
('681', 'reveal-glass', '21', '0', NULL, NULL),
('682', 'weakness-policy', '12', '1000', '80', NULL),
('683', 'assault-vest', '12', '1000', '80', NULL),
('684', 'pixie-plate', '17', '1000', '90', NULL),
('685', 'ability-capsule', '26', '10000', NULL, NULL),
('686', 'whipped-dream', '10', '2000', '80', NULL),
('687', 'sachet', '10', '2000', '80', NULL),
('688', 'luminous-moss', '12', '4000', '30', NULL),
('689', 'snowball', '12', '4000', '30', NULL),
('690', 'safety-goggles', '12', '4000', '80', NULL),
('691', 'rich-mulch', '32', '200', '30', NULL),
('692', 'surprise-mulch', '32', '200', '30', NULL),
('693', 'boost-mulch', '32', '200', '30', NULL),
('694', 'amaze-mulch', '32', '200', '30', NULL),
('695', 'gengarite', '44', '0', '80', NULL),
('696', 'gardevoirite', '44', '0', '80', NULL),
('697', 'ampharosite', '44', '0', '80', NULL),
('698', 'venusaurite', '44', '0', '80', NULL),
('699', 'charizardite-x', '44', '0', '80', NULL),
('700', 'blastoisinite', '44', '0', '80', NULL),
('701', 'mewtwonite-x', '44', '0', '80', NULL),
('702', 'mewtwonite-y', '44', '0', '80', NULL),
('703', 'blazikenite', '44', '0', '80', NULL),
('704', 'medichamite', '44', '0', '80', NULL),
('705', 'houndoominite', '44', '0', '80', NULL),
('706', 'aggronite', '44', '0', '80', NULL),
('707', 'banettite', '44', '0', '80', NULL),
('708', 'tyranitarite', '44', '0', '80', NULL),
('709', 'scizorite', '44', '0', '80', NULL),
('710', 'pinsirite', '44', '0', '80', NULL),
('711', 'aerodactylite', '44', '0', '80', NULL),
('712', 'lucarionite', '44', '0', '80', NULL),
('713', 'abomasite', '44', '0', '80', NULL),
('714', 'kangaskhanite', '44', '0', '80', NULL),
('715', 'gyaradosite', '44', '0', '80', NULL),
('716', 'absolite', '44', '0', '80', NULL),
('717', 'charizardite-y', '44', '0', '80', NULL),
('718', 'alakazite', '44', '0', '80', NULL),
('719', 'heracronite', '44', '0', '80', NULL),
('720', 'mawilite', '44', '0', '80', NULL),
('721', 'manectite', '44', '0', '80', NULL),
('722', 'garchompite', '44', '0', '80', NULL),
('723', 'roseli-berry', '7', '80', '10', NULL),
('724', 'kee-berry', '4', '80', '10', '3'),
('725', 'maranga-berry', '4', '80', '10', '3'),
('726', 'discount-coupon', '24', '20', '10', NULL),
('727', 'strange-souvenir', '24', '3000', '30', NULL),
('728', 'lumiose-galette', '30', '350', '30', NULL),
('729', 'jaw-fossil', '35', '7000', '100', NULL),
('730', 'sail-fossil', '35', '7000', '100', NULL),
('731', 'fairy-gem', '42', '200', NULL, NULL),
('732', 'adventure-rules', '21', '0', NULL, NULL),
('733', 'elevator-key', '22', '0', NULL, NULL),
('734', 'holo-caster', '21', '0', NULL, NULL),
('735', 'honor-of-kalos', '22', '0', NULL, NULL),
('736', 'intriguing-stone', '22', '0', NULL, NULL),
('737', 'lens-case', '21', '0', NULL, NULL),
('738', 'looker-ticket', '22', '0', NULL, NULL),
('739', 'mega-ring', '21', '0', NULL, NULL),
('740', 'power-plant-pass', '22', '0', NULL, NULL),
('741', 'profs-letter', '22', '0', NULL, NULL),
('742', 'roller-skates', '21', '0', NULL, NULL),
('743', 'sprinklotad', '21', '0', NULL, NULL),
('744', 'tmv-pass', '21', '0', NULL, NULL),
('745', 'tm96', '37', '1000', NULL, NULL),
('746', 'tm97', '37', '1000', NULL, NULL),
('747', 'tm98', '37', '1000', NULL, NULL),
('748', 'tm99', '37', '1000', NULL, NULL),
('749', 'tm100', '37', '5000', NULL, NULL),
('760', 'latiasite', '44', '0', '80', NULL),
('761', 'latiosite', '44', '0', '80', NULL),
('762', 'common-stone', '23', '0', NULL, NULL),
('763', 'makeup-bag', '21', '0', NULL, NULL),
('764', 'travel-trunk', '23', '0', NULL, NULL),
('765', 'shalour-sable', '30', '350', '30', NULL),
('768', 'mega-charm', '23', '0', NULL, NULL),
('769', 'mega-glove', '23', '0', NULL, NULL),
('770', 'devon-parts', '22', '0', NULL, NULL),
('772', 'pokeblock-kit', '21', '0', NULL, NULL),
('773', 'key-to-room-1', '22', '0', NULL, NULL),
('774', 'key-to-room-2', '22', '0', NULL, NULL),
('775', 'key-to-room-4', '22', '0', NULL, NULL),
('776', 'key-to-room-6', '22', '0', NULL, NULL),
('779', 'devon-scuba-gear', '22', '0', NULL, NULL),
('780', 'contest-costume--jacket', '21', '0', NULL, NULL),
('782', 'magma-suit', '22', '0', NULL, NULL),
('783', 'aqua-suit', '22', '0', NULL, NULL),
('784', 'pair-of-tickets', '22', '0', NULL, NULL),
('785', 'mega-bracelet', '21', '0', NULL, NULL),
('786', 'mega-pendant', '23', '0', NULL, NULL),
('787', 'mega-glasses', '23', '0', NULL, NULL),
('788', 'mega-anchor', '23', '0', NULL, NULL),
('789', 'mega-stickpin', '23', '0', NULL, NULL),
('790', 'mega-tiara', '23', '0', NULL, NULL),
('791', 'mega-anklet', '23', '0', NULL, NULL),
('793', 'swampertite', '44', '0', '80', NULL),
('794', 'sceptilite', '44', '0', '80', NULL),
('795', 'sablenite', '44', '0', '80', NULL),
('796', 'altarianite', '44', '0', '80', NULL),
('797', 'galladite', '44', '0', '80', NULL),
('798', 'audinite', '44', '0', '80', NULL),
('799', 'metagrossite', '44', '0', '80', NULL),
('800', 'sharpedonite', '44', '0', '80', NULL),
('801', 'slowbronite', '44', '0', '80', NULL),
('802', 'steelixite', '44', '0', '80', NULL),
('803', 'pidgeotite', '44', '0', '80', NULL),
('804', 'glalitite', '44', '0', '80', NULL),
('805', 'diancite', '44', '0', '80', NULL),
('806', 'prison-bottle', '21', '0', NULL, NULL),
('807', 'mega-cuff', '23', '0', NULL, NULL),
('808', 'cameruptite', '44', '0', '80', NULL),
('809', 'lopunnite', '44', '0', '80', NULL),
('810', 'salamencite', '44', '0', '80', NULL),
('811', 'beedrillite', '44', '0', '80', NULL),
('814', 'key-stone', '21', '0', NULL, NULL),
('815', 'meteorite-shard', '22', '0', NULL, NULL),
('816', 'eon-flute', '21', '0', NULL, NULL),
('817', 'normalium-z--held', '46', '0', NULL, NULL),
('818', 'firium-z--held', '46', '0', NULL, NULL),
('819', 'waterium-z--held', '46', '0', NULL, NULL),
('820', 'electrium-z--held', '46', '0', NULL, NULL),
('821', 'grassium-z--held', '46', '0', NULL, NULL),
('822', 'icium-z--held', '46', '0', NULL, NULL),
('823', 'fightinium-z--held', '46', '0', NULL, NULL),
('824', 'poisonium-z--held', '46', '0', NULL, NULL),
('825', 'groundium-z--held', '46', '0', NULL, NULL),
('826', 'flyinium-z--held', '46', '0', NULL, NULL),
('827', 'psychium-z--held', '46', '0', NULL, NULL),
('828', 'buginium-z--held', '46', '0', NULL, NULL),
('829', 'rockium-z--held', '46', '0', NULL, NULL),
('830', 'ghostium-z--held', '46', '0', NULL, NULL),
('831', 'dragonium-z--held', '46', '0', NULL, NULL),
('832', 'darkinium-z--held', '46', '0', NULL, NULL),
('833', 'steelium-z--held', '46', '0', NULL, NULL),
('834', 'fairium-z--held', '46', '0', NULL, NULL),
('835', 'pikanium-z--held', '46', '0', NULL, NULL),
('836', 'bottle-cap', '24', '5000', '30', NULL),
('837', 'gold-bottle-cap', '24', '10000', '30', NULL),
('838', 'z-ring', '21', '0', NULL, NULL),
('839', 'decidium-z--held', '46', '0', NULL, NULL),
('840', 'incinium-z--held', '46', '0', NULL, NULL),
('841', 'primarium-z--held', '46', '0', NULL, NULL),
('842', 'tapunium-z--held', '46', '0', NULL, NULL),
('843', 'marshadium-z--held', '46', '0', NULL, NULL),
('844', 'aloraichium-z--held', '46', '0', NULL, NULL),
('845', 'snorlium-z--held', '46', '0', NULL, NULL),
('846', 'eevium-z--held', '46', '0', NULL, NULL),
('847', 'mewnium-z--held', '46', '0', NULL, NULL),
('877', 'pikashunium-z--held', '46', '0', NULL, NULL),
('878', 'forage-bag', '21', '0', NULL, NULL),
('879', 'fishing-rod', '21', '0', NULL, NULL),
('880', 'professors-mask', '22', '0', NULL, NULL),
('881', 'festival-ticket', '21', '10', NULL, NULL),
('882', 'sparkling-stone', '22', '0', NULL, NULL),
('883', 'adrenaline-orb', '12', '4000', '30', NULL),
('884', 'zygarde-cube', '21', '0', NULL, NULL),
('885', 'ice-stone', '10', '3000', '30', NULL),
('886', 'ride-pager', '23', '0', NULL, NULL),
('887', 'beast-ball', '33', '0', NULL, NULL),
('888', 'big-malasada', '30', '350', '30', NULL),
('889', 'red-nectar', '18', '300', '10', NULL),
('890', 'yellow-nectar', '18', '300', '10', NULL),
('891', 'pink-nectar', '18', '300', '10', NULL),
('892', 'purple-nectar', '18', '300', '10', NULL),
('893', 'sun-flute', '22', '0', NULL, NULL),
('894', 'moon-flute', '22', '0', NULL, NULL),
('895', 'enigmatic-card', '22', '0', NULL, NULL),
('896', 'terrain-extender', '12', '4000', '60', NULL),
('897', 'protective-pads', '12', '4000', '30', NULL),
('898', 'electric-seed', '12', '4000', '10', NULL),
('899', 'psychic-seed', '12', '4000', '10', NULL),
('900', 'misty-seed', '12', '4000', '10', NULL),
('901', 'grassy-seed', '12', '4000', '10', NULL),
('902', 'fighting-memory', '45', '1000', '50', NULL),
('903', 'flying-memory', '45', '1000', '50', NULL),
('904', 'poison-memory', '45', '1000', '50', NULL),
('905', 'ground-memory', '45', '1000', '50', NULL),
('906', 'rock-memory', '45', '1000', '50', NULL),
('907', 'bug-memory', '45', '1000', '50', NULL),
('908', 'ghost-memory', '45', '1000', '50', NULL),
('909', 'steel-memory', '45', '1000', '50', NULL),
('910', 'fire-memory', '45', '1000', '50', NULL),
('911', 'water-memory', '45', '1000', '50', NULL),
('912', 'grass-memory', '45', '1000', '50', NULL),
('913', 'electric-memory', '45', '1000', '50', NULL),
('914', 'psychic-memory', '45', '1000', '50', NULL),
('915', 'ice-memory', '45', '1000', '50', NULL),
('916', 'dragon-memory', '45', '1000', '50', NULL),
('917', 'dark-memory', '45', '1000', '50', NULL),
('918', 'fairy-memory', '45', '1000', '50', NULL),
('919', 'bike--green', '23', '0', NULL, NULL),
('920', 'storage-key--galactic-warehouse', '23', '0', NULL, NULL),
('921', 'basement-key--goldenrod', '23', '0', NULL, NULL),
('922', 'xtransceiver--red', '23', '0', NULL, NULL),
('923', 'xtransceiver--yellow', '23', '0', NULL, NULL),
('924', 'dna-splicers--merge', '23', '0', NULL, NULL),
('925', 'dna-splicers--split', '23', '0', NULL, NULL),
('926', 'dropped-item--red', '23', '0', NULL, NULL),
('927', 'dropped-item--yellow', '23', '0', NULL, NULL),
('928', 'holo-caster--green', '23', '0', NULL, NULL),
('929', 'bike--yellow', '23', '0', NULL, NULL),
('930', 'holo-caster--red', '23', '0', NULL, NULL),
('931', 'basement-key--new-mauville', '23', '0', NULL, NULL),
('932', 'storage-key--sea-mauville', '23', '0', NULL, NULL),
('933', 'ss-ticket--hoenn', '23', '0', NULL, NULL),
('934', 'contest-costume--dress', '23', '0', NULL, NULL),
('935', 'meteorite--2', '23', '0', NULL, NULL),
('936', 'meteorite--3', '23', '0', NULL, NULL),
('937', 'meteorite--4', '23', '0', NULL, NULL),
('938', 'normalium-z--bag', '23', '0', NULL, NULL),
('939', 'firium-z--bag', '23', '0', NULL, NULL),
('940', 'waterium-z--bag', '23', '0', NULL, NULL),
('941', 'electrium-z--bag', '23', '0', NULL, NULL),
('942', 'grassium-z--bag', '23', '0', NULL, NULL),
('943', 'icium-z--bag', '23', '0', NULL, NULL),
('944', 'fightinium-z--bag', '23', '0', NULL, NULL),
('945', 'poisonium-z--bag', '23', '0', NULL, NULL),
('946', 'groundium-z--bag', '23', '0', NULL, NULL),
('947', 'flyinium-z--bag', '23', '0', NULL, NULL),
('948', 'psychium-z--bag', '23', '0', NULL, NULL),
('949', 'buginium-z--bag', '23', '0', NULL, NULL),
('950', 'rockium-z--bag', '23', '0', NULL, NULL),
('951', 'ghostium-z--bag', '23', '0', NULL, NULL),
('952', 'dragonium-z--bag', '23', '0', NULL, NULL),
('953', 'darkinium-z--bag', '23', '0', NULL, NULL),
('954', 'steelium-z--bag', '23', '0', NULL, NULL),
('955', 'fairium-z--bag', '23', '0', NULL, NULL),
('956', 'pikanium-z--bag', '23', '0', NULL, NULL),
('957', 'decidium-z--bag', '23', '0', NULL, NULL),
('958', 'incinium-z--bag', '23', '0', NULL, NULL),
('959', 'primarium-z--bag', '23', '0', NULL, NULL),
('960', 'tapunium-z--bag', '23', '0', NULL, NULL),
('961', 'marshadium-z--bag', '23', '0', NULL, NULL),
('962', 'aloraichium-z--bag', '23', '0', NULL, NULL),
('963', 'snorlium-z--bag', '23', '0', NULL, NULL),
('964', 'eevium-z--bag', '23', '0', NULL, NULL),
('965', 'mewnium-z--bag', '23', '0', NULL, NULL),
('966', 'pikashunium-z--bag', '23', '0', NULL, NULL),
('967', 'solganium-z--held', '23', '0', NULL, NULL),
('968', 'lunalium-z--held', '23', '0', NULL, NULL),
('969', 'ultranecrozium-z--held', '23', '0', NULL, NULL),
('970', 'mimikium-z--held', '23', '0', NULL, NULL),
('971', 'lycanium-z--held', '23', '0', NULL, NULL),
('972', 'kommonium-z--held', '23', '0', NULL, NULL),
('973', 'solganium-z--bag', '23', '0', NULL, NULL),
('974', 'lunalium-z--bag', '23', '0', NULL, NULL),
('975', 'ultranecrozium-z--bag', '23', '0', NULL, NULL),
('976', 'mimikium-z--bag', '23', '0', NULL, NULL),
('977', 'lycanium-z--bag', '23', '0', NULL, NULL),
('978', 'kommonium-z--bag', '23', '0', NULL, NULL),
('979', 'z-power-ring', '23', '0', NULL, NULL),
('980', 'pink-petal', '23', '0', NULL, NULL),
('981', 'orange-petal', '23', '0', NULL, NULL),
('982', 'blue-petal', '23', '0', NULL, NULL),
('983', 'red-petal', '23', '0', NULL, NULL),
('984', 'green-petal', '23', '0', NULL, NULL),
('985', 'yellow-petal', '23', '0', NULL, NULL),
('986', 'purple-petal', '23', '0', NULL, NULL),
('987', 'rainbow-flower', '23', '0', NULL, NULL),
('988', 'surge-badge', '23', '0', NULL, NULL),
('989', 'n-solarizer--merge', '23', '0', NULL, NULL),
('990', 'n-lunarizer--merge', '23', '0', NULL, NULL),
('991', 'n-solarizer--split', '23', '0', NULL, NULL),
('992', 'n-lunarizer--split', '23', '0', NULL, NULL),
('993', 'ilimas-normalium-z', '23', '0', NULL, NULL),
('994', 'left-poke-ball', '23', '0', NULL, NULL),
('995', 'roto-hatch', '23', '0', NULL, NULL),
('996', 'roto-bargain', '23', '0', NULL, NULL),
('997', 'roto-prize-money', '23', '0', NULL, NULL),
('998', 'roto-exp-points', '23', '0', NULL, NULL),
('999', 'roto-friendship', '23', '0', NULL, NULL),
('1000', 'roto-encounter', '23', '0', NULL, NULL),
('1001', 'roto-stealth', '23', '0', NULL, NULL),
('1002', 'roto-hp-restore', '23', '0', NULL, NULL),
('1003', 'roto-pp-restore', '23', '0', NULL, NULL),
('1004', 'roto-boost', '23', '0', NULL, NULL),
('1005', 'roto-catch', '23', '0', NULL, NULL),
('1006', 'autograph', '23', '0', NULL, NULL),
('1007', 'pokemon-box', '23', '0', NULL, NULL),
('1008', 'medicine-pocket', '23', '0', NULL, NULL),
('1009', 'candy-jar', '23', '0', NULL, NULL),
('1010', 'power-up-pocket', '23', '0', NULL, NULL),
('1011', 'clothing-trunk', '23', '0', NULL, NULL),
('1012', 'catching-pocket', '23', '0', NULL, NULL),
('1013', 'battle-pocket', '23', '0', NULL, NULL),
('1014', 'silver-razz-berry', '48', '1000', '10', NULL),
('1015', 'golden-razz-berry', '48', '5000', '10', NULL),
('1016', 'silver-nanab-berry', '48', '1000', '10', NULL),
('1017', 'golden-nanab-berry', '48', '5000', '10', NULL),
('1018', 'silver-pinap-berry', '48', '1000', '10', NULL),
('1019', 'golden-pinap-berry', '48', '5000', '10', NULL),
('1020', 'secret-key--letsgo', '22', '0', NULL, NULL),
('1021', 'ss-ticket--letsgo', '22', '0', NULL, NULL),
('1022', 'parcel--letsgo', '22', '0', NULL, NULL),
('1023', 'card-key--letsgo', '22', '0', NULL, NULL),
('1024', 'stretchy-spring', '24', '20', '30', NULL),
('1025', 'chalky-stone', '24', '60', '30', NULL),
('1026', 'marble', '24', '300', '30', NULL),
('1027', 'lone-earring', '24', '600', '30', NULL),
('1028', 'beach-glass', '24', '800', '30', NULL),
('1029', 'gold-leaf', '24', '1000', '30', NULL),
('1030', 'silver-leaf', '24', '1000', '30', NULL),
('1031', 'polished-mud-ball', '24', '1200', '30', NULL),
('1032', 'tropical-shell', '24', '2000', '30', NULL),
('1033', 'leaf-letter--pikachu', '24', '0', '30', NULL),
('1034', 'leaf-letter--eevee', '24', '0', '30', NULL),
('1035', 'small-bouquet', '24', '0', '30', NULL),
('1036', 'lure', '11', '400', '30', NULL),
('1037', 'super-lure', '11', '700', '30', NULL),
('1038', 'max-lure', '11', '900', '30', NULL),
('1039', 'pewter-crunchies', '30', '250', '30', NULL),
('1040', 'health-candy', '26', '20', NULL, NULL),
('1041', 'mighty-candy', '26', '20', NULL, NULL),
('1042', 'tough-candy', '26', '20', NULL, NULL),
('1043', 'smart-candy', '26', '20', NULL, NULL),
('1044', 'courage-candy', '26', '20', NULL, NULL),
('1045', 'quick-candy', '26', '20', NULL, NULL),
('1046', 'health-candy-l', '26', '20', NULL, NULL),
('1047', 'mighty-candy-l', '26', '20', NULL, NULL),
('1048', 'tough-candy-l', '26', '20', NULL, NULL),
('1049', 'smart-candy-l', '26', '20', NULL, NULL),
('1050', 'courage-candy-l', '26', '20', NULL, NULL),
('1051', 'quick-candy-l', '26', '20', NULL, NULL),
('1052', 'health-candy-xl', '26', '20', NULL, NULL),
('1053', 'mighty-candy-xl', '26', '20', NULL, NULL),
('1054', 'tough-candy-xl', '26', '20', NULL, NULL),
('1055', 'smart-candy-xl', '26', '20', NULL, NULL),
('1056', 'courage-candy-xl', '26', '20', NULL, NULL),
('1057', 'quick-candy-xl', '26', '20', NULL, NULL),
('1058', 'bulbasaur-candy', '47', '20', NULL, NULL),
('1059', 'charmander-candy', '47', '20', NULL, NULL),
('1060', 'squirtle-candy', '47', '20', NULL, NULL),
('1061', 'caterpie-candy', '47', '20', NULL, NULL),
('1062', 'weedle-candy', '47', '20', NULL, NULL),
('1063', 'pidgey-candy', '47', '20', NULL, NULL),
('1064', 'rattata-candy', '47', '20', NULL, NULL),
('1065', 'spearow-candy', '47', '20', NULL, NULL),
('1066', 'ekans-candy', '47', '20', NULL, NULL),
('1067', 'pikachu-candy', '47', '20', NULL, NULL),
('1068', 'sandshrew-candy', '47', '20', NULL, NULL),
('1069', 'nidoran-f-candy', '47', '20', NULL, NULL),
('1070', 'nidoran-m-candy', '47', '20', NULL, NULL),
('1071', 'clefairy-candy', '47', '20', NULL, NULL),
('1072', 'vulpix-candy', '47', '20', NULL, NULL),
('1073', 'jigglypuff-candy', '47', '20', NULL, NULL),
('1074', 'zubat-candy', '47', '20', NULL, NULL),
('1075', 'oddish-candy', '47', '20', NULL, NULL),
('1076', 'paras-candy', '47', '20', NULL, NULL),
('1077', 'venonat-candy', '47', '20', NULL, NULL),
('1078', 'diglett-candy', '47', '20', NULL, NULL),
('1079', 'meowth-candy', '47', '20', NULL, NULL),
('1080', 'psyduck-candy', '47', '20', NULL, NULL),
('1081', 'mankey-candy', '47', '20', NULL, NULL),
('1082', 'growlithe-candy', '47', '20', NULL, NULL),
('1083', 'poliwag-candy', '47', '20', NULL, NULL),
('1084', 'abra-candy', '47', '20', NULL, NULL),
('1085', 'machop-candy', '47', '20', NULL, NULL),
('1086', 'bellsprout-candy', '47', '20', NULL, NULL),
('1087', 'tentacool-candy', '47', '20', NULL, NULL),
('1088', 'geodude-candy', '47', '20', NULL, NULL),
('1089', 'ponyta-candy', '47', '20', NULL, NULL),
('1090', 'slowpoke-candy', '47', '20', NULL, NULL),
('1091', 'magnemite-candy', '47', '20', NULL, NULL),
('1092', 'farfetchd-candy', '47', '20', NULL, NULL),
('1093', 'doduo-candy', '47', '20', NULL, NULL),
('1094', 'seel-candy', '47', '20', NULL, NULL),
('1095', 'grimer-candy', '47', '20', NULL, NULL),
('1096', 'shellder-candy', '47', '20', NULL, NULL),
('1097', 'gastly-candy', '47', '20', NULL, NULL),
('1098', 'onix-candy', '47', '20', NULL, NULL),
('1099', 'drowzee-candy', '47', '20', NULL, NULL),
('1100', 'krabby-candy', '47', '20', NULL, NULL),
('1101', 'voltorb-candy', '47', '20', NULL, NULL),
('1102', 'exeggcute-candy', '47', '20', NULL, NULL),
('1103', 'cubone-candy', '47', '20', NULL, NULL),
('1104', 'hitmonlee-candy', '47', '20', NULL, NULL),
('1105', 'hitmonchan-candy', '47', '20', NULL, NULL),
('1106', 'lickitung-candy', '47', '20', NULL, NULL),
('1107', 'koffing-candy', '47', '20', NULL, NULL),
('1108', 'rhyhorn-candy', '47', '20', NULL, NULL),
('1109', 'chansey-candy', '47', '20', NULL, NULL),
('1110', 'tangela-candy', '47', '20', NULL, NULL),
('1111', 'kangaskhan-candy', '47', '20', NULL, NULL),
('1112', 'horsea-candy', '47', '20', NULL, NULL),
('1113', 'goldeen-candy', '47', '20', NULL, NULL),
('1114', 'staryu-candy', '47', '20', NULL, NULL),
('1115', 'mr-mime-candy', '47', '20', NULL, NULL),
('1116', 'scyther-candy', '47', '20', NULL, NULL),
('1117', 'jynx-candy', '47', '20', NULL, NULL),
('1118', 'electabuzz-candy', '47', '20', NULL, NULL),
('1119', 'pinsir-candy', '47', '20', NULL, NULL),
('1120', 'tauros-candy', '47', '20', NULL, NULL),
('1121', 'magikarp-candy', '47', '20', NULL, NULL),
('1122', 'lapras-candy', '47', '20', NULL, NULL),
('1123', 'ditto-candy', '47', '20', NULL, NULL),
('1124', 'eevee-candy', '47', '20', NULL, NULL),
('1125', 'porygon-candy', '47', '20', NULL, NULL),
('1126', 'omanyte-candy', '47', '20', NULL, NULL),
('1127', 'kabuto-candy', '47', '20', NULL, NULL),
('1128', 'aerodactyl-candy', '47', '20', NULL, NULL),
('1129', 'snorlax-candy', '47', '20', NULL, NULL),
('1130', 'articuno-candy', '47', '20', NULL, NULL),
('1131', 'zapdos-candy', '47', '20', NULL, NULL),
('1132', 'moltres-candy', '47', '20', NULL, NULL),
('1133', 'dratini-candy', '47', '20', NULL, NULL),
('1134', 'mewtwo-candy', '47', '20', NULL, NULL),
('1135', 'mew-candy', '47', '20', NULL, NULL),
('1136', 'meltan-candy', '47', '20', NULL, NULL),
('1137', 'magmar-candy', '47', '20', NULL, NULL),
('1138', 'endorsement', '22', '0', NULL, NULL),
('1139', 'pokemon-box-link', '21', '0', NULL, NULL),
('1140', 'wishing-star', '22', '0', NULL, NULL),
('1141', 'dynamax-band', '22', '0', NULL, NULL),
('1142', 'fishing-rod--galar', '21', '0', NULL, NULL),
('1143', 'rotom-bike', '21', '0', NULL, NULL),
('1144', 'sausages', '51', '400', '10', NULL),
('1145', 'bobs-food-tin', '51', '950', '80', NULL),
('1146', 'bachs-food-tin', '51', '950', '80', NULL),
('1147', 'tin-of-beans', '51', '400', '80', NULL),
('1148', 'bread', '51', '150', '10', NULL),
('1149', 'pasta', '51', '150', '10', NULL),
('1150', 'mixed-mushrooms', '51', '400', '10', NULL),
('1151', 'smoke-poke-tail', '51', '2200', '10', NULL),
('1152', 'large-leek', '51', '2200', '20', NULL),
('1153', 'fancy-apple', '51', '2200', '20', NULL),
('1154', 'brittle-bones', '51', '950', '30', NULL),
('1155', 'pack-of-potatoes', '51', '400', '10', NULL),
('1156', 'pungent-root', '51', '950', '10', NULL),
('1157', 'salad-mix', '51', '400', '10', NULL),
('1158', 'fried-food', '51', '150', '10', NULL),
('1159', 'boiled-egg', '51', '2200', '20', NULL),
('1160', 'camping-gear', '21', '0', NULL, NULL),
('1161', 'rusted-sword', '18', '0', NULL, NULL),
('1162', 'rusted-shield', '18', '0', NULL, NULL),
('1163', 'fossilized-bird', '35', '5000', '100', NULL),
('1164', 'fossilized-fish', '35', '5000', '100', NULL),
('1165', 'fossilized-drake', '35', '5000', '100', NULL),
('1166', 'fossilized-dino', '35', '5000', '100', NULL),
('1167', 'strawberry-sweet', '10', '500', '10', NULL),
('1168', 'love-sweet', '10', '500', '10', NULL),
('1169', 'berry-sweet', '10', '500', '10', NULL),
('1170', 'clover-sweet', '10', '500', '10', NULL),
('1171', 'flower-sweet', '10', '500', '10', NULL),
('1172', 'star-sweet', '10', '500', '10', NULL),
('1173', 'ribbon-sweet', '10', '500', '10', NULL),
('1174', 'sweet-apple', '10', '2200', '30', NULL),
('1175', 'tart-apple', '10', '2200', '30', NULL),
('1176', 'throat-spray', '12', '4000', '30', NULL),
('1177', 'eject-pack', '12', '4000', '50', NULL),
('1178', 'heavy-duty-boots', '12', '4000', '80', NULL),
('1179', 'blunder-policy', '12', '4000', '80', NULL),
('1180', 'room-service', '12', '4000', '100', NULL),
('1181', 'utility-umbrella', '12', '4000', '60', NULL),
('1182', 'exp-candy-xs', '26', '20', '30', NULL),
('1183', 'exp-candy-s', '26', '240', '30', NULL),
('1184', 'exp-candy-m', '26', '1000', '30', NULL),
('1185', 'exp-candy-l', '26', '3000', '30', NULL),
('1186', 'exp-candy-xl', '26', '10000', '30', NULL),
('1187', 'dynamax-candy', '26', '0', '30', NULL),
('1188', 'tr00', '37', '4000', '10', NULL),
('1189', 'tr01', '37', '6000', '85', NULL),
('1190', 'tr02', '37', '10000', '90', NULL),
('1191', 'tr03', '37', '16000', '110', NULL),
('1192', 'tr04', '37', '10000', '90', NULL),
('1193', 'tr05', '37', '10000', '90', NULL),
('1194', 'tr06', '37', '16000', '110', NULL),
('1195', 'tr07', '37', '6000', '10', NULL),
('1196', 'tr08', '37', '10000', '90', NULL),
('1197', 'tr09', '37', '16000', '110', NULL),
('1198', 'tr10', '37', '16000', '100', NULL),
('1199', 'tr11', '37', '10000', '90', NULL),
('1200', 'tr12', '37', '4000', '10', NULL),
('1201', 'tr13', '37', '2000', '10', NULL),
('1202', 'tr14', '37', '2000', '10', NULL),
('1203', 'tr15', '37', '16000', '110', NULL),
('1204', 'tr16', '37', '6000', '80', NULL),
('1205', 'tr17', '37', '4000', '10', NULL),
('1206', 'tr18', '37', '6000', '80', NULL),
('1207', 'tr19', '37', '4000', '80', NULL),
('1208', 'tr20', '37', '6000', '10', NULL),
('1209', 'tr21', '37', '4000', '10', NULL),
('1210', 'tr22', '37', '10000', '90', NULL),
('1211', 'tr23', '37', '4000', '10', NULL),
('1212', 'tr24', '37', '16000', '120', NULL),
('1213', 'tr25', '37', '6000', '80', NULL),
('1214', 'tr26', '37', '2000', '10', NULL),
('1215', 'tr27', '37', '4000', '10', NULL),
('1216', 'tr28', '37', '16000', '120', NULL),
('1217', 'tr29', '37', '4000', '10', NULL),
('1218', 'tr30', '37', '4000', '10', NULL),
('1219', 'tr31', '37', '10000', '100', NULL),
('1220', 'tr32', '37', '6000', '80', NULL),
('1221', 'tr33', '37', '6000', '80', NULL),
('1222', 'tr34', '37', '6000', '120', NULL),
('1223', 'tr35', '37', '6000', '90', NULL),
('1224', 'tr36', '37', '10000', '95', NULL),
('1225', 'tr37', '37', '4000', '10', NULL),
('1226', 'tr38', '37', '4000', '10', NULL),
('1227', 'tr39', '37', '16000', '120', NULL),
('1228', 'tr40', '37', '2000', '10', NULL),
('1229', 'tr41', '37', '6000', '85', NULL),
('1230', 'tr42', '37', '10000', '90', NULL),
('1231', 'tr43', '37', '16000', '130', NULL),
('1232', 'tr44', '37', '4000', '10', NULL),
('1233', 'tr45', '37', '10000', '90', NULL),
('1234', 'tr46', '37', '4000', '10', NULL),
('1235', 'tr47', '37', '6000', '80', NULL),
('1236', 'tr48', '37', '4000', '10', NULL),
('1237', 'tr49', '37', '4000', '10', NULL),
('1238', 'tr50', '37', '10000', '90', NULL),
('1239', 'tr51', '37', '4000', '10', NULL),
('1240', 'tr52', '37', '6000', '10', NULL),
('1241', 'tr53', '37', '16000', '120', NULL),
('1242', 'tr54', '37', '4000', '10', NULL),
('1243', 'tr55', '37', '16000', '120', NULL),
('1244', 'tr56', '37', '6000', '80', NULL),
('1245', 'tr57', '37', '6000', '80', NULL),
('1246', 'tr58', '37', '6000', '80', NULL),
('1247', 'tr59', '37', '6000', '80', NULL),
('1248', 'tr60', '37', '6000', '80', NULL),
('1249', 'tr61', '37', '10000', '90', NULL),
('1250', 'tr62', '37', '6000', '85', NULL),
('1251', 'tr63', '37', '6000', '80', NULL),
('1252', 'tr64', '37', '16000', '120', NULL),
('1253', 'tr65', '37', '10000', '90', NULL),
('1254', 'tr66', '37', '16000', '120', NULL),
('1255', 'tr67', '37', '10000', '90', NULL),
('1256', 'tr68', '37', '4000', '10', NULL),
('1257', 'tr69', '37', '6000', '80', NULL),
('1258', 'tr70', '37', '10000', '80', NULL),
('1259', 'tr71', '37', '16000', '130', NULL),
('1260', 'tr72', '37', '16000', '120', NULL),
('1261', 'tr73', '37', '16000', '120', NULL),
('1262', 'tr74', '37', '10000', '80', NULL),
('1263', 'tr75', '37', '16000', '100', NULL),
('1264', 'tr76', '37', '6000', '10', NULL),
('1265', 'tr77', '37', '6000', '10', NULL),
('1266', 'tr78', '37', '10000', '95', NULL),
('1267', 'tr79', '37', '6000', '10', NULL),
('1268', 'tr80', '37', '6000', '10', NULL),
('1269', 'tr81', '37', '6000', '95', NULL),
('1270', 'tr82', '37', '4000', '20', NULL),
('1271', 'tr83', '37', '4000', '10', NULL),
('1272', 'tr84', '37', '6000', '80', NULL),
('1273', 'tr85', '37', '2000', '10', NULL),
('1274', 'tr86', '37', '10000', '90', NULL),
('1275', 'tr87', '37', '6000', '80', NULL),
('1276', 'tr88', '37', '6000', '10', NULL),
('1277', 'tr89', '37', '16000', '110', NULL),
('1278', 'tr90', '37', '10000', '90', NULL),
('1279', 'tr91', '37', '4000', '10', NULL),
('1280', 'tr92', '37', '6000', '80', NULL),
('1281', 'tr93', '37', '10000', '85', NULL),
('1282', 'tr94', '37', '10000', '95', NULL),
('1283', 'tr95', '37', '6000', '80', NULL),
('1284', 'tr96', '37', '10000', '90', NULL),
('1285', 'tr97', '37', '10000', '85', NULL),
('1286', 'tr98', '37', '6000', '85', NULL),
('1287', 'tr99', '37', '6000', '80', NULL),
('1288', 'tm00', '37', '10000', NULL, NULL),
('1289', 'lonely-mint', '50', '20', '10', NULL),
('1290', 'adamant-mint', '50', '20', '10', NULL),
('1291', 'naughty-mint', '50', '20', '10', NULL),
('1292', 'brave-mint', '50', '20', '10', NULL),
('1293', 'bold-mint', '50', '20', '10', NULL),
('1294', 'impish-mint', '50', '20', '10', NULL),
('1295', 'lax-mint', '50', '20', '10', NULL),
('1296', 'relaxed-mint', '50', '20', '10', NULL),
('1297', 'modest-mint', '50', '20', '10', NULL),
('1298', 'mild-mint', '50', '20', '10', NULL),
('1299', 'rash-mint', '50', '20', '10', NULL),
('1300', 'quiet-mint', '50', '20', '10', NULL),
('1301', 'calm-mint', '50', '20', '10', NULL),
('1302', 'gentle-mint', '50', '20', '10', NULL),
('1303', 'careful-mint', '50', '20', '10', NULL),
('1304', 'sassy-mint', '50', '20', '10', NULL),
('1305', 'timid-mint', '50', '20', '10', NULL),
('1306', 'hasty-mint', '50', '20', '10', NULL),
('1307', 'jolly-mint', '50', '20', '10', NULL),
('1308', 'naive-mint', '50', '20', '10', NULL),
('1309', 'serious-mint', '50', '20', '10', NULL),
('1310', 'wishing-piece', '9', '20', '50', NULL),
('1311', 'cracked-pot', '10', '1600', '80', NULL),
('1312', 'chipped-pot', '10', '38000', '80', NULL),
('1313', 'hi-tech-earbuds', '21', '0', NULL, NULL),
('1314', 'fruit-bunch', '51', '2200', '10', NULL),
('1315', 'moomoo-cheese', '51', '2200', '20', NULL),
('1316', 'spice-mix', '51', '400', '50', NULL),
('1317', 'fresh-cream', '51', '950', '10', NULL),
('1318', 'packaged-curry', '51', '950', '10', NULL),
('1319', 'coconut-milk', '51', '950', '10', NULL),
('1320', 'instant-noodles', '51', '150', '10', NULL),
('1321', 'precooked-burger', '51', '150', '10', NULL),
('1322', 'gigantamix', '51', '15000', '50', NULL),
('1323', 'wishing-chip', '23', '0', NULL, NULL),
('1324', 'rotom-bike--water-mode', '23', '0', NULL, NULL),
('1325', 'catching-charm', '21', '0', NULL, NULL),
('1326', 'old-letter', '22', '0', NULL, NULL),
('1327', 'band-autograph', '23', '0', NULL, NULL),
('1328', 'sonias-book', '22', '0', NULL, NULL),
('1329', 'rotom-catalog', '21', '0', NULL, NULL),
('1330', 'dynamax-crystal-and458', '49', '20', NULL, NULL),
('1331', 'dynamax-crystal-and15', '49', '20', NULL, NULL),
('1332', 'dynamax-crystal-and337', '49', '20', NULL, NULL),
('1333', 'dynamax-crystal-and603', '49', '20', NULL, NULL),
('1334', 'dynamax-crystal-and390', '49', '20', NULL, NULL),
('1335', 'dynamax-crystal-sgr6879', '49', '20', NULL, NULL),
('1336', 'dynamax-crystal-sgr6859', '49', '20', NULL, NULL),
('1337', 'dynamax-crystal-sgr6913', '49', '20', NULL, NULL),
('1338', 'dynamax-crystal-sgr7348', '49', '20', NULL, NULL),
('1339', 'dynamax-crystal-sgr7121', '49', '20', NULL, NULL),
('1340', 'dynamax-crystal-sgr6746', '49', '20', NULL, NULL),
('1341', 'dynamax-crystal-sgr7194', '49', '20', NULL, NULL),
('1342', 'dynamax-crystal-sgr7337', '49', '20', NULL, NULL),
('1343', 'dynamax-crystal-sgr7343', '49', '20', NULL, NULL),
('1344', 'dynamax-crystal-sgr6812', '49', '20', NULL, NULL),
('1345', 'dynamax-crystal-sgr7116', '49', '20', NULL, NULL),
('1346', 'dynamax-crystal-sgr7264', '49', '20', NULL, NULL),
('1347', 'dynamax-crystal-sgr7597', '49', '20', NULL, NULL),
('1348', 'dynamax-crystal-del7882', '49', '20', NULL, NULL),
('1349', 'dynamax-crystal-del7906', '49', '20', NULL, NULL),
('1350', 'dynamax-crystal-del7852', '49', '20', NULL, NULL),
('1351', 'dynamax-crystal-psc596', '49', '20', NULL, NULL),
('1352', 'dynamax-crystal-psc361', '49', '20', NULL, NULL),
('1353', 'dynamax-crystal-psc510', '49', '20', NULL, NULL),
('1354', 'dynamax-crystal-psc437', '49', '20', NULL, NULL),
('1355', 'dynamax-crystal-psc8773', '49', '20', NULL, NULL),
('1356', 'dynamax-crystal-lep1865', '49', '20', NULL, NULL),
('1357', 'dynamax-crystal-lep1829', '49', '20', NULL, NULL),
('1358', 'dynamax-crystal-boo5340', '49', '20', NULL, NULL),
('1359', 'dynamax-crystal-boo5506', '49', '20', NULL, NULL),
('1360', 'dynamax-crystal-boo5435', '49', '20', NULL, NULL),
('1361', 'dynamax-crystal-boo5602', '49', '20', NULL, NULL),
('1362', 'dynamax-crystal-boo5733', '49', '20', NULL, NULL),
('1363', 'dynamax-crystal-boo5235', '49', '20', NULL, NULL),
('1364', 'dynamax-crystal-boo5351', '49', '20', NULL, NULL),
('1365', 'dynamax-crystal-hya3748', '49', '20', NULL, NULL),
('1366', 'dynamax-crystal-hya3903', '49', '20', NULL, NULL),
('1367', 'dynamax-crystal-hya3418', '49', '20', NULL, NULL),
('1368', 'dynamax-crystal-hya3482', '49', '20', NULL, NULL),
('1369', 'dynamax-crystal-hya3845', '49', '20', NULL, NULL),
('1370', 'dynamax-crystal-eri1084', '49', '20', NULL, NULL),
('1371', 'dynamax-crystal-eri472', '49', '20', NULL, NULL),
('1372', 'dynamax-crystal-eri1666', '49', '20', NULL, NULL),
('1373', 'dynamax-crystal-eri897', '49', '20', NULL, NULL),
('1374', 'dynamax-crystal-eri1231', '49', '20', NULL, NULL),
('1375', 'dynamax-crystal-eri874', '49', '20', NULL, NULL),
('1376', 'dynamax-crystal-eri1298', '49', '20', NULL, NULL),
('1377', 'dynamax-crystal-eri1325', '49', '20', NULL, NULL),
('1378', 'dynamax-crystal-eri984', '49', '20', NULL, NULL),
('1379', 'dynamax-crystal-eri1464', '49', '20', NULL, NULL),
('1380', 'dynamax-crystal-eri1393', '49', '20', NULL, NULL),
('1381', 'dynamax-crystal-eri850', '49', '20', NULL, NULL),
('1382', 'dynamax-crystal-tau1409', '49', '20', NULL, NULL),
('1383', 'dynamax-crystal-tau1457', '49', '20', NULL, NULL),
('1384', 'dynamax-crystal-tau1165', '49', '20', NULL, NULL),
('1385', 'dynamax-crystal-tau1791', '49', '20', NULL, NULL),
('1386', 'dynamax-crystal-tau1910', '49', '20', NULL, NULL),
('1387', 'dynamax-crystal-tau1346', '49', '20', NULL, NULL),
('1388', 'dynamax-crystal-tau1373', '49', '20', NULL, NULL),
('1389', 'dynamax-crystal-tau1412', '49', '20', NULL, NULL),
('1390', 'dynamax-crystal-cma2491', '49', '20', NULL, NULL),
('1391', 'dynamax-crystal-cma2693', '49', '20', NULL, NULL),
('1392', 'dynamax-crystal-cma2294', '49', '20', NULL, NULL),
('1393', 'dynamax-crystal-cma2827', '49', '20', NULL, NULL),
('1394', 'dynamax-crystal-cma2282', '49', '20', NULL, NULL),
('1395', 'dynamax-crystal-cma2618', '49', '20', NULL, NULL),
('1396', 'dynamax-crystal-cma2657', '49', '20', NULL, NULL),
('1397', 'dynamax-crystal-cma2646', '49', '20', NULL, NULL),
('1398', 'dynamax-crystal-uma4905', '49', '20', NULL, NULL),
('1399', 'dynamax-crystal-uma4301', '49', '20', NULL, NULL),
('1400', 'dynamax-crystal-uma5191', '49', '20', NULL, NULL),
('1401', 'dynamax-crystal-uma5054', '49', '20', NULL, NULL),
('1402', 'dynamax-crystal-uma4295', '49', '20', NULL, NULL),
('1403', 'dynamax-crystal-uma4660', '49', '20', NULL, NULL),
('1404', 'dynamax-crystal-uma4554', '49', '20', NULL, NULL),
('1405', 'dynamax-crystal-uma4069', '49', '20', NULL, NULL),
('1406', 'dynamax-crystal-uma3569', '49', '20', NULL, NULL),
('1407', 'dynamax-crystal-uma3323', '49', '20', NULL, NULL),
('1408', 'dynamax-crystal-uma4033', '49', '20', NULL, NULL),
('1409', 'dynamax-crystal-uma4377', '49', '20', NULL, NULL),
('1410', 'dynamax-crystal-uma4375', '49', '20', NULL, NULL),
('1411', 'dynamax-crystal-uma4518', '49', '20', NULL, NULL),
('1412', 'dynamax-crystal-uma3594', '49', '20', NULL, NULL),
('1413', 'dynamax-crystal-vir5056', '49', '20', NULL, NULL),
('1414', 'dynamax-crystal-vir4825', '49', '20', NULL, NULL),
('1415', 'dynamax-crystal-vir4932', '49', '20', NULL, NULL),
('1416', 'dynamax-crystal-vir4540', '49', '20', NULL, NULL),
('1417', 'dynamax-crystal-vir4689', '49', '20', NULL, NULL),
('1418', 'dynamax-crystal-vir5338', '49', '20', NULL, NULL),
('1419', 'dynamax-crystal-vir4910', '49', '20', NULL, NULL),
('1420', 'dynamax-crystal-vir5315', '49', '20', NULL, NULL),
('1421', 'dynamax-crystal-vir5359', '49', '20', NULL, NULL),
('1422', 'dynamax-crystal-vir5409', '49', '20', NULL, NULL),
('1423', 'dynamax-crystal-vir5107', '49', '20', NULL, NULL),
('1424', 'dynamax-crystal-ari617', '49', '20', NULL, NULL),
('1425', 'dynamax-crystal-ari553', '49', '20', NULL, NULL),
('1426', 'dynamax-crystal-ari546', '49', '20', NULL, NULL),
('1427', 'dynamax-crystal-ari951', '49', '20', NULL, NULL),
('1428', 'dynamax-crystal-ori1713', '49', '20', NULL, NULL),
('1429', 'dynamax-crystal-ori2061', '49', '20', NULL, NULL),
('1430', 'dynamax-crystal-ori1790', '49', '20', NULL, NULL),
('1431', 'dynamax-crystal-ori1903', '49', '20', NULL, NULL),
('1432', 'dynamax-crystal-ori1948', '49', '20', NULL, NULL),
('1433', 'dynamax-crystal-ori2004', '49', '20', NULL, NULL),
('1434', 'dynamax-crystal-ori1852', '49', '20', NULL, NULL),
('1435', 'dynamax-crystal-ori1879', '49', '20', NULL, NULL),
('1436', 'dynamax-crystal-ori1899', '49', '20', NULL, NULL),
('1437', 'dynamax-crystal-ori1543', '49', '20', NULL, NULL),
('1438', 'dynamax-crystal-cas21', '49', '20', NULL, NULL),
('1439', 'dynamax-crystal-cas168', '49', '20', NULL, NULL),
('1440', 'dynamax-crystal-cas403', '49', '20', NULL, NULL),
('1441', 'dynamax-crystal-cas153', '49', '20', NULL, NULL),
('1442', 'dynamax-crystal-cas542', '49', '20', NULL, NULL),
('1443', 'dynamax-crystal-cas219', '49', '20', NULL, NULL),
('1444', 'dynamax-crystal-cas265', '49', '20', NULL, NULL),
('1445', 'dynamax-crystal-cnc3572', '49', '20', NULL, NULL),
('1446', 'dynamax-crystal-cnc3208', '49', '20', NULL, NULL),
('1447', 'dynamax-crystal-cnc3461', '49', '20', NULL, NULL),
('1448', 'dynamax-crystal-cnc3449', '49', '20', NULL, NULL),
('1449', 'dynamax-crystal-cnc3429', '49', '20', NULL, NULL),
('1450', 'dynamax-crystal-cnc3627', '49', '20', NULL, NULL),
('1451', 'dynamax-crystal-cnc3268', '49', '20', NULL, NULL),
('1452', 'dynamax-crystal-cnc3249', '49', '20', NULL, NULL),
('1453', 'dynamax-crystal-com4968', '49', '20', NULL, NULL),
('1454', 'dynamax-crystal-crv4757', '49', '20', NULL, NULL),
('1455', 'dynamax-crystal-crv4623', '49', '20', NULL, NULL),
('1456', 'dynamax-crystal-crv4662', '49', '20', NULL, NULL),
('1457', 'dynamax-crystal-crv4786', '49', '20', NULL, NULL),
('1458', 'dynamax-crystal-aur1708', '49', '20', NULL, NULL),
('1459', 'dynamax-crystal-aur2088', '49', '20', NULL, NULL),
('1460', 'dynamax-crystal-aur1605', '49', '20', NULL, NULL),
('1461', 'dynamax-crystal-aur2095', '49', '20', NULL, NULL),
('1462', 'dynamax-crystal-aur1577', '49', '20', NULL, NULL),
('1463', 'dynamax-crystal-aur1641', '49', '20', NULL, NULL),
('1464', 'dynamax-crystal-aur1612', '49', '20', NULL, NULL),
('1465', 'dynamax-crystal-pav7790', '49', '20', NULL, NULL),
('1466', 'dynamax-crystal-cet911', '49', '20', NULL, NULL),
('1467', 'dynamax-crystal-cet681', '49', '20', NULL, NULL),
('1468', 'dynamax-crystal-cet188', '49', '20', NULL, NULL),
('1469', 'dynamax-crystal-cet539', '49', '20', NULL, NULL),
('1470', 'dynamax-crystal-cet804', '49', '20', NULL, NULL),
('1471', 'dynamax-crystal-cep8974', '49', '20', NULL, NULL),
('1472', 'dynamax-crystal-cep8162', '49', '20', NULL, NULL),
('1473', 'dynamax-crystal-cep8238', '49', '20', NULL, NULL),
('1474', 'dynamax-crystal-cep8417', '49', '20', NULL, NULL),
('1475', 'dynamax-crystal-cen5267', '49', '20', NULL, NULL),
('1476', 'dynamax-crystal-cen5288', '49', '20', NULL, NULL),
('1477', 'dynamax-crystal-cen551', '49', '20', NULL, NULL),
('1478', 'dynamax-crystal-cen5459', '49', '20', NULL, NULL),
('1479', 'dynamax-crystal-cen5460', '49', '20', NULL, NULL),
('1480', 'dynamax-crystal-cmi2943', '49', '20', NULL, NULL),
('1481', 'dynamax-crystal-cmi2845', '49', '20', NULL, NULL),
('1482', 'dynamax-crystal-equ8131', '49', '20', NULL, NULL),
('1483', 'dynamax-crystal-vul7405', '49', '20', NULL, NULL),
('1484', 'dynamax-crystal-umi424', '49', '20', NULL, NULL),
('1485', 'dynamax-crystal-umi5563', '49', '20', NULL, NULL),
('1486', 'dynamax-crystal-umi5735', '49', '20', NULL, NULL),
('1487', 'dynamax-crystal-umi6789', '49', '20', NULL, NULL),
('1488', 'dynamax-crystal-crt4287', '49', '20', NULL, NULL),
('1489', 'dynamax-crystal-lyr7001', '49', '20', NULL, NULL),
('1490', 'dynamax-crystal-lyr7178', '49', '20', NULL, NULL),
('1491', 'dynamax-crystal-lyr7106', '49', '20', NULL, NULL),
('1492', 'dynamax-crystal-lyr7298', '49', '20', NULL, NULL),
('1493', 'dynamax-crystal-ara6585', '49', '20', NULL, NULL),
('1494', 'dynamax-crystal-sco6134', '49', '20', NULL, NULL),
('1495', 'dynamax-crystal-sco6527', '49', '20', NULL, NULL),
('1496', 'dynamax-crystal-sco6553', '49', '20', NULL, NULL),
('1497', 'dynamax-crystal-sco5953', '49', '20', NULL, NULL),
('1498', 'dynamax-crystal-sco5984', '49', '20', NULL, NULL),
('1499', 'dynamax-crystal-sco6508', '49', '20', NULL, NULL),
('1500', 'dynamax-crystal-sco6084', '49', '20', NULL, NULL),
('1501', 'dynamax-crystal-sco5944', '49', '20', NULL, NULL),
('1502', 'dynamax-crystal-sco6630', '49', '20', NULL, NULL),
('1503', 'dynamax-crystal-sco6027', '49', '20', NULL, NULL),
('1504', 'dynamax-crystal-sco6247', '49', '20', NULL, NULL),
('1505', 'dynamax-crystal-sco6252', '49', '20', NULL, NULL),
('1506', 'dynamax-crystal-sco5928', '49', '20', NULL, NULL),
('1507', 'dynamax-crystal-sco6241', '49', '20', NULL, NULL),
('1508', 'dynamax-crystal-sco6165', '49', '20', NULL, NULL),
('1509', 'dynamax-crystal-tri544', '49', '20', NULL, NULL),
('1510', 'dynamax-crystal-leo3982', '49', '20', NULL, NULL),
('1511', 'dynamax-crystal-leo4534', '49', '20', NULL, NULL),
('1512', 'dynamax-crystal-leo4357', '49', '20', NULL, NULL),
('1513', 'dynamax-crystal-leo4057', '49', '20', NULL, NULL),
('1514', 'dynamax-crystal-leo4359', '49', '20', NULL, NULL),
('1515', 'dynamax-crystal-leo4031', '49', '20', NULL, NULL),
('1516', 'dynamax-crystal-leo3852', '49', '20', NULL, NULL),
('1517', 'dynamax-crystal-leo3905', '49', '20', NULL, NULL),
('1518', 'dynamax-crystal-leo3773', '49', '20', NULL, NULL),
('1519', 'dynamax-crystal-gru8425', '49', '20', NULL, NULL),
('1520', 'dynamax-crystal-gru8636', '49', '20', NULL, NULL),
('1521', 'dynamax-crystal-gru8353', '49', '20', NULL, NULL),
('1522', 'dynamax-crystal-lib5685', '49', '20', NULL, NULL),
('1523', 'dynamax-crystal-lib5531', '49', '20', NULL, NULL),
('1524', 'dynamax-crystal-lib5787', '49', '20', NULL, NULL),
('1525', 'dynamax-crystal-lib5603', '49', '20', NULL, NULL),
('1526', 'dynamax-crystal-pup3165', '49', '20', NULL, NULL),
('1527', 'dynamax-crystal-pup3185', '49', '20', NULL, NULL),
('1528', 'dynamax-crystal-pup3045', '49', '20', NULL, NULL),
('1529', 'dynamax-crystal-cyg7924', '49', '20', NULL, NULL),
('1530', 'dynamax-crystal-cyg7417', '49', '20', NULL, NULL),
('1531', 'dynamax-crystal-cyg7796', '49', '20', NULL, NULL),
('1532', 'dynamax-crystal-cyg8301', '49', '20', NULL, NULL),
('1533', 'dynamax-crystal-cyg7949', '49', '20', NULL, NULL),
('1534', 'dynamax-crystal-cyg7528', '49', '20', NULL, NULL),
('1535', 'dynamax-crystal-oct7228', '49', '20', NULL, NULL),
('1536', 'dynamax-crystal-col1956', '49', '20', NULL, NULL),
('1537', 'dynamax-crystal-col2040', '49', '20', NULL, NULL),
('1538', 'dynamax-crystal-col2177', '49', '20', NULL, NULL),
('1539', 'dynamax-crystal-gem2990', '49', '20', NULL, NULL),
('1540', 'dynamax-crystal-gem2891', '49', '20', NULL, NULL),
('1541', 'dynamax-crystal-gem2421', '49', '20', NULL, NULL),
('1542', 'dynamax-crystal-gem2473', '49', '20', NULL, NULL),
('1543', 'dynamax-crystal-gem2216', '49', '20', NULL, NULL),
('1544', 'dynamax-crystal-gem2777', '49', '20', NULL, NULL),
('1545', 'dynamax-crystal-gem2650', '49', '20', NULL, NULL),
('1546', 'dynamax-crystal-gem2286', '49', '20', NULL, NULL),
('1547', 'dynamax-crystal-gem2484', '49', '20', NULL, NULL),
('1548', 'dynamax-crystal-gem2930', '49', '20', NULL, NULL),
('1549', 'dynamax-crystal-peg8775', '49', '20', NULL, NULL),
('1550', 'dynamax-crystal-peg8781', '49', '20', NULL, NULL),
('1551', 'dynamax-crystal-peg39', '49', '20', NULL, NULL),
('1552', 'dynamax-crystal-peg8308', '49', '20', NULL, NULL),
('1553', 'dynamax-crystal-peg8650', '49', '20', NULL, NULL),
('1554', 'dynamax-crystal-peg8634', '49', '20', NULL, NULL),
('1555', 'dynamax-crystal-peg8684', '49', '20', NULL, NULL),
('1556', 'dynamax-crystal-peg8450', '49', '20', NULL, NULL),
('1557', 'dynamax-crystal-peg8880', '49', '20', NULL, NULL),
('1558', 'dynamax-crystal-peg8905', '49', '20', NULL, NULL),
('1559', 'dynamax-crystal-oph6556', '49', '20', NULL, NULL),
('1560', 'dynamax-crystal-oph6378', '49', '20', NULL, NULL),
('1561', 'dynamax-crystal-oph6603', '49', '20', NULL, NULL),
('1562', 'dynamax-crystal-oph6149', '49', '20', NULL, NULL),
('1563', 'dynamax-crystal-oph6056', '49', '20', NULL, NULL),
('1564', 'dynamax-crystal-oph6075', '49', '20', NULL, NULL),
('1565', 'dynamax-crystal-ser5854', '49', '20', NULL, NULL),
('1566', 'dynamax-crystal-ser7141', '49', '20', NULL, NULL),
('1567', 'dynamax-crystal-ser5879', '49', '20', NULL, NULL),
('1568', 'dynamax-crystal-her6406', '49', '20', NULL, NULL),
('1569', 'dynamax-crystal-her6148', '49', '20', NULL, NULL),
('1570', 'dynamax-crystal-her6410', '49', '20', NULL, NULL),
('1571', 'dynamax-crystal-her6526', '49', '20', NULL, NULL),
('1572', 'dynamax-crystal-her6117', '49', '20', NULL, NULL),
('1573', 'dynamax-crystal-her6008', '49', '20', NULL, NULL),
('1574', 'dynamax-crystal-per936', '49', '20', NULL, NULL),
('1575', 'dynamax-crystal-per1017', '49', '20', NULL, NULL),
('1576', 'dynamax-crystal-per1131', '49', '20', NULL, NULL),
('1577', 'dynamax-crystal-per1228', '49', '20', NULL, NULL),
('1578', 'dynamax-crystal-per834', '49', '20', NULL, NULL),
('1579', 'dynamax-crystal-per941', '49', '20', NULL, NULL),
('1580', 'dynamax-crystal-phe99', '49', '20', NULL, NULL),
('1581', 'dynamax-crystal-phe338', '49', '20', NULL, NULL),
('1582', 'dynamax-crystal-vel3634', '49', '20', NULL, NULL),
('1583', 'dynamax-crystal-vel3485', '49', '20', NULL, NULL),
('1584', 'dynamax-crystal-vel3734', '49', '20', NULL, NULL),
('1585', 'dynamax-crystal-aqr8232', '49', '20', NULL, NULL),
('1586', 'dynamax-crystal-aqr8414', '49', '20', NULL, NULL),
('1587', 'dynamax-crystal-aqr8709', '49', '20', NULL, NULL),
('1588', 'dynamax-crystal-aqr8518', '49', '20', NULL, NULL),
('1589', 'dynamax-crystal-aqr7950', '49', '20', NULL, NULL),
('1590', 'dynamax-crystal-aqr8499', '49', '20', NULL, NULL),
('1591', 'dynamax-crystal-aqr8610', '49', '20', NULL, NULL),
('1592', 'dynamax-crystal-aqr8264', '49', '20', NULL, NULL),
('1593', 'dynamax-crystal-cru4853', '49', '20', NULL, NULL),
('1594', 'dynamax-crystal-cru4730', '49', '20', NULL, NULL),
('1595', 'dynamax-crystal-cru4763', '49', '20', NULL, NULL),
('1596', 'dynamax-crystal-cru4700', '49', '20', NULL, NULL),
('1597', 'dynamax-crystal-cru4656', '49', '20', NULL, NULL),
('1598', 'dynamax-crystal-psa8728', '49', '20', NULL, NULL),
('1599', 'dynamax-crystal-tra6217', '49', '20', NULL, NULL),
('1600', 'dynamax-crystal-cap7776', '49', '20', NULL, NULL),
('1601', 'dynamax-crystal-cap7754', '49', '20', NULL, NULL),
('1602', 'dynamax-crystal-cap8278', '49', '20', NULL, NULL),
('1603', 'dynamax-crystal-cap8322', '49', '20', NULL, NULL),
('1604', 'dynamax-crystal-cap7773', '49', '20', NULL, NULL),
('1605', 'dynamax-crystal-sge7479', '49', '20', NULL, NULL),
('1606', 'dynamax-crystal-car2326', '49', '20', NULL, NULL),
('1607', 'dynamax-crystal-car3685', '49', '20', NULL, NULL),
('1608', 'dynamax-crystal-car3307', '49', '20', NULL, NULL),
('1609', 'dynamax-crystal-car3699', '49', '20', NULL, NULL),
('1610', 'dynamax-crystal-dra5744', '49', '20', NULL, NULL),
('1611', 'dynamax-crystal-dra5291', '49', '20', NULL, NULL),
('1612', 'dynamax-crystal-dra6705', '49', '20', NULL, NULL),
('1613', 'dynamax-crystal-dra6536', '49', '20', NULL, NULL),
('1614', 'dynamax-crystal-dra7310', '49', '20', NULL, NULL),
('1615', 'dynamax-crystal-dra6688', '49', '20', NULL, NULL),
('1616', 'dynamax-crystal-dra4434', '49', '20', NULL, NULL),
('1617', 'dynamax-crystal-dra6370', '49', '20', NULL, NULL),
('1618', 'dynamax-crystal-dra7462', '49', '20', NULL, NULL),
('1619', 'dynamax-crystal-dra6396', '49', '20', NULL, NULL),
('1620', 'dynamax-crystal-dra6132', '49', '20', NULL, NULL),
('1621', 'dynamax-crystal-dra6636', '49', '20', NULL, NULL),
('1622', 'dynamax-crystal-cvn4915', '49', '20', NULL, NULL),
('1623', 'dynamax-crystal-cvn4785', '49', '20', NULL, NULL),
('1624', 'dynamax-crystal-cvn4846', '49', '20', NULL, NULL),
('1625', 'dynamax-crystal-aql7595', '49', '20', NULL, NULL),
('1626', 'dynamax-crystal-aql7557', '49', '20', NULL, NULL),
('1627', 'dynamax-crystal-aql7525', '49', '20', NULL, NULL),
('1628', 'dynamax-crystal-aql7602', '49', '20', NULL, NULL),
('1629', 'dynamax-crystal-aql7235', '49', '20', NULL, NULL),
('1630', 'max-honey', '29', '4000', '30', NULL),
('1631', 'max-mushrooms', '1', '6000', '30', NULL),
('1632', 'galarica-twig', '9', '20', '30', NULL),
('1633', 'galarica-cuff', '9', '3000', '30', NULL),
('1634', 'style-card', '21', '0', NULL, NULL),
('1635', 'armor-pass', '22', '0', NULL, NULL),
('1636', 'rotom-bike--sparkling-white', '23', '0', NULL, NULL),
('1637', 'rotom-bike--glistening-black', '23', '0', NULL, NULL),
('1638', 'exp-charm', '21', '0', NULL, NULL),
('1639', 'armorite-ore', '9', '20', '30', NULL),
('1640', 'mark-charm', '21', '0', NULL, NULL),
('1641', 'reins-of-unity--merge', '23', '0', NULL, NULL),
('1642', 'reins-of-unity--split', '23', '0', NULL, NULL),
('1643', 'galarica-wreath', '9', '3000', '30', NULL),
('1644', 'legendary-clue-1', '22', '0', NULL, NULL),
('1645', 'legendary-clue-2', '22', '0', NULL, NULL),
('1646', 'legendary-clue-3', '22', '0', NULL, NULL),
('1647', 'legendary-clue-question', '22', '0', NULL, NULL),
('1648', 'crown-pass', '22', '0', NULL, NULL),
('1649', 'wooden-crown', '22', '0', NULL, NULL),
('1650', 'radiant-petal', '22', '0', NULL, NULL),
('1651', 'white-mane-hair', '22', '0', NULL, NULL),
('1652', 'black-mane-hair', '22', '0', NULL, NULL),
('1653', 'iceroot-carrot', '22', '0', NULL, NULL),
('1654', 'shaderoot-carrot', '22', '0', NULL, NULL),
('1655', 'dynite-ore', '9', '20', '30', NULL),
('1656', 'carrot-seeds', '22', '20', NULL, NULL),
('1657', 'ability-patch', '26', '20', NULL, NULL),
('1658', 'reins-of-unity', '22', '0', NULL, NULL),
('1659', 'adamant-crystal', '21', '0', NULL, NULL),
('1660', 'lustrous-globe', '21', '0', NULL, NULL),
('1661', 'griseous-core', '21', '0', NULL, NULL),
('1662', 'blank-plate', '17', '0', NULL, NULL),
('1663', 'strange-ball', '20', '0', NULL, NULL),
('1664', 'legend-plate', '17', '0', NULL, NULL),
('1665', 'rotom-phone', '20', '0', NULL, NULL),
('1666', 'sandwich', '20', '0', NULL, NULL),
('1667', 'koraidons-pok-ball', '20', '0', NULL, NULL),
('1668', 'miraidons-pok-ball', '20', '0', NULL, NULL),
('1669', 'tera-orb', '20', '0', NULL, NULL),
('1670', 'scarlet-book', '20', '0', NULL, NULL),
('1671', 'violet-book', '20', '0', NULL, NULL),
('1672', 'kofus-wallet', '22', '0', NULL, NULL),
('1673', 'tiny-bamboo-shoot', '24', '375', NULL, NULL),
('1674', 'big-bamboo-shoot', '24', '1500', NULL, NULL),
('1675', 'scroll-of-darkness', '21', '0', NULL, NULL),
('1676', 'scroll-of-waters', '21', '0', NULL, NULL),
('1677', 'malicious-armor', '10', '750', NULL, NULL),
('1678', 'normal-tera-shard', '52', '500', NULL, NULL),
('1679', 'fire-tera-shard', '52', '500', NULL, NULL),
('1680', 'water-tera-shard', '52', '500', NULL, NULL),
('1681', 'electric-tera-shard', '52', '500', NULL, NULL),
('1682', 'grass-tera-shard', '52', '500', NULL, NULL),
('1683', 'ice-tera-shard', '52', '500', NULL, NULL),
('1684', 'fighting-tera-shard', '52', '500', NULL, NULL),
('1685', 'poison-tera-shard', '52', '500', NULL, NULL),
('1686', 'ground-tera-shard', '52', '500', NULL, NULL),
('1687', 'flying-tera-shard', '52', '500', NULL, NULL),
('1688', 'psychic-tera-shard', '52', '500', NULL, NULL),
('1689', 'bug-tera-shard', '52', '500', NULL, NULL),
('1690', 'rock-tera-shard', '52', '500', NULL, NULL),
('1691', 'ghost-tera-shard', '52', '500', NULL, NULL),
('1692', 'dragon-tera-shard', '52', '500', NULL, NULL),
('1693', 'dark-tera-shard', '52', '500', NULL, NULL),
('1694', 'steel-tera-shard', '52', '500', NULL, NULL),
('1695', 'fairy-tera-shard', '52', '500', NULL, NULL),
('1696', 'booster-energy', '12', '0', NULL, NULL),
('1697', 'ability-shield', '12', '20000', NULL, NULL),
('1698', 'clear-amulet', '12', '30000', NULL, NULL),
('1699', 'mirror-herb', '12', '30000', NULL, NULL),
('1700', 'punching-glove', '12', '15000', NULL, NULL),
('1701', 'covert-cloak', '12', '20000', NULL, NULL),
('1702', 'loaded-dice', '12', '20000', NULL, NULL),
('1703', 'baguette', '53', '0', NULL, NULL),
('1704', 'mayonnaise', '53', '120', NULL, NULL),
('1705', 'ketchup', '53', '110', NULL, NULL),
('1706', 'mustard', '53', '130', NULL, NULL),
('1707', 'butter', '53', '250', NULL, NULL),
('1708', 'peanut-butter', '53', '300', NULL, NULL),
('1709', 'chili-sauce', '53', '320', NULL, NULL),
('1710', 'salt', '53', '90', NULL, NULL),
('1711', 'pepper', '53', '100', NULL, NULL),
('1712', 'yogurt', '53', '140', NULL, NULL),
('1713', 'whipped-cream', '53', '200', NULL, NULL),
('1714', 'cream-cheese', '53', '280', NULL, NULL),
('1715', 'jam', '53', '120', NULL, NULL),
('1716', 'marmalade', '53', '260', NULL, NULL),
('1717', 'olive-oil', '53', '300', NULL, NULL),
('1718', 'vinegar', '53', '300', NULL, NULL),
('1719', 'sweet-herba-mystica', '53', '0', NULL, NULL),
('1720', 'salty-herba-mystica', '53', '0', NULL, NULL),
('1721', 'sour-herba-mystica', '53', '0', NULL, NULL),
('1722', 'bitter-herba-mystica', '53', '0', NULL, NULL),
('1723', 'spicy-herba-mystica', '53', '0', NULL, NULL),
('1724', 'lettuce', '53', '90', NULL, NULL),
('1725', 'tomato', '53', '100', NULL, NULL),
('1726', 'cherry-tomatoes', '53', '120', NULL, NULL),
('1727', 'cucumber', '53', '130', NULL, NULL),
('1728', 'pickle', '53', '90', NULL, NULL),
('1729', 'onion', '53', '130', NULL, NULL),
('1730', 'red-onion', '53', '230', NULL, NULL),
('1731', 'green-bell-pepper', '53', '230', NULL, NULL),
('1732', 'red-bell-pepper', '53', '240', NULL, NULL),
('1733', 'yellow-bell-pepper', '53', '240', NULL, NULL),
('1734', 'avocado', '53', '180', NULL, NULL),
('1735', 'bacon', '53', '150', NULL, NULL),
('1736', 'ham', '53', '170', NULL, NULL),
('1737', 'prosciutto', '53', '200', NULL, NULL),
('1738', 'chorizo', '53', '150', NULL, NULL),
('1739', 'herbed-sausage', '53', '400', NULL, NULL),
('1740', 'hamburger', '53', '380', NULL, NULL),
('1741', 'klawf-stick', '53', '500', NULL, NULL),
('1742', 'smoked-fillet', '53', '330', NULL, NULL),
('1743', 'fried-fillet', '53', '360', NULL, NULL),
('1744', 'egg', '53', '80', NULL, NULL),
('1745', 'potato-tortilla', '53', '250', NULL, NULL),
('1746', 'tofu', '53', '260', NULL, NULL),
('1747', 'rice', '53', '280', NULL, NULL),
('1748', 'noodles', '53', '280', NULL, NULL),
('1749', 'potato-salad', '53', '110', NULL, NULL),
('1750', 'cheese', '53', '120', NULL, NULL),
('1751', 'banana', '53', '80', NULL, NULL),
('1752', 'strawberry', '53', '140', NULL, NULL),
('1753', 'apple', '53', '130', NULL, NULL),
('1754', 'kiwi', '53', '180', NULL, NULL),
('1755', 'pineapple', '53', '250', NULL, NULL),
('1756', 'jalapeo', '53', '220', NULL, NULL),
('1757', 'horseradish', '53', '410', NULL, NULL),
('1758', 'curry-powder', '53', '450', NULL, NULL),
('1759', 'wasabi', '53', '330', NULL, NULL),
('1760', 'watercress', '53', '270', NULL, NULL),
('1761', 'basil', '53', '280', NULL, NULL),
('1762', 'venonat-fang', '54', '80', NULL, NULL),
('1763', 'diglett-dirt', '54', '80', NULL, NULL),
('1764', 'meowth-fur', '54', '80', NULL, NULL),
('1765', 'psyduck-down', '54', '60', NULL, NULL),
('1766', 'mankey-fur', '54', '80', NULL, NULL),
('1767', 'growlithe-fur', '54', '80', NULL, NULL),
('1768', 'slowpoke-claw', '54', '80', NULL, NULL),
('1769', 'magnemite-screw', '54', '80', NULL, NULL),
('1770', 'grimer-toxin', '54', '80', NULL, NULL),
('1771', 'shellder-pearl', '54', '140', NULL, NULL),
('1772', 'gastly-gas', '54', '80', NULL, NULL),
('1773', 'drowzee-fur', '54', '60', NULL, NULL),
('1774', 'voltorb-sparks', '54', '80', NULL, NULL),
('1775', 'scyther-claw', '54', '100', NULL, NULL),
('1776', 'tauros-hair', '54', '100', NULL, NULL),
('1777', 'magikarp-scales', '54', '40', NULL, NULL),
('1778', 'ditto-goo', '54', '300', NULL, NULL),
('1779', 'eevee-fur', '54', '200', NULL, NULL),
('1780', 'dratini-scales', '54', '200', NULL, NULL),
('1781', 'pichu-fur', '54', '100', NULL, NULL),
('1782', 'igglybuff-fluff', '54', '60', NULL, NULL),
('1783', 'mareep-wool', '54', '60', NULL, NULL),
('1784', 'hoppip-leaf', '54', '60', NULL, NULL),
('1785', 'sunkern-leaf', '54', '60', NULL, NULL),
('1786', 'murkrow-bauble', '54', '100', NULL, NULL),
('1787', 'misdreavus-tears', '54', '80', NULL, NULL),
('1788', 'girafarig-fur', '54', '100', NULL, NULL),
('1789', 'pineco-husk', '54', '80', NULL, NULL),
('1790', 'dunsparce-scales', '54', '120', NULL, NULL),
('1791', 'qwilfish-spines', '54', '80', NULL, NULL),
('1792', 'heracross-claw', '54', '100', NULL, NULL),
('1793', 'sneasel-claw', '54', '80', NULL, NULL),
('1794', 'teddiursa-claw', '54', '80', NULL, NULL),
('1795', 'delibird-parcel', '54', '240', NULL, NULL),
('1796', 'houndour-fang', '54', '80', NULL, NULL),
('1797', 'phanpy-nail', '54', '80', NULL, NULL),
('1798', 'stantler-hair', '54', '120', NULL, NULL),
('1799', 'larvitar-claw', '54', '200', NULL, NULL),
('1800', 'wingull-feather', '54', '60', NULL, NULL),
('1801', 'ralts-dust', '54', '80', NULL, NULL),
('1802', 'surskit-syrup', '54', '60', NULL, NULL),
('1803', 'shroomish-spores', '54', '80', NULL, NULL),
('1804', 'slakoth-fur', '54', '60', NULL, NULL),
('1805', 'makuhita-sweat', '54', '80', NULL, NULL),
('1806', 'azurill-fur', '54', '60', NULL, NULL),
('1807', 'sableye-gem', '54', '200', NULL, NULL),
('1808', 'meditite-sweat', '54', '80', NULL, NULL),
('1809', 'gulpin-mucus', '54', '80', NULL, NULL),
('1810', 'numel-lava', '54', '80', NULL, NULL),
('1811', 'torkoal-coal', '54', '140', NULL, NULL),
('1812', 'spoink-pearl', '54', '140', NULL, NULL),
('1813', 'cacnea-needle', '54', '80', NULL, NULL),
('1814', 'swablu-fluff', '54', '100', NULL, NULL),
('1815', 'zangoose-claw', '54', '120', NULL, NULL),
('1816', 'seviper-fang', '54', '120', NULL, NULL),
('1817', 'barboach-slime', '54', '60', NULL, NULL),
('1818', 'shuppet-scrap', '54', '80', NULL, NULL),
('1819', 'tropius-leaf', '54', '140', NULL, NULL),
('1820', 'snorunt-fur', '54', '80', NULL, NULL),
('1821', 'luvdisc-scales', '54', '160', NULL, NULL),
('1822', 'bagon-scales', '54', '200', NULL, NULL),
('1823', 'starly-feather', '54', '60', NULL, NULL),
('1824', 'kricketot-shell', '54', '40', NULL, NULL),
('1825', 'shinx-fang', '54', '60', NULL, NULL),
('1826', 'combee-honey', '54', '100', NULL, NULL),
('1827', 'pachirisu-fur', '54', '100', NULL, NULL),
('1828', 'buizel-fur', '54', '80', NULL, NULL),
('1829', 'shellos-mucus', '54', '80', NULL, NULL),
('1830', 'drifloon-gas', '54', '80', NULL, NULL),
('1831', 'stunky-fur', '54', '80', NULL, NULL),
('1832', 'bronzor-fragment', '54', '80', NULL, NULL),
('1833', 'bonsly-tears', '54', '80', NULL, NULL),
('1834', 'happiny-dust', '54', '300', NULL, NULL),
('1835', 'spiritomb-fragment', '54', '240', NULL, NULL),
('1836', 'gible-scales', '54', '200', NULL, NULL),
('1837', 'riolu-fur', '54', '160', NULL, NULL),
('1838', 'hippopotas-sand', '54', '80', NULL, NULL),
('1839', 'croagunk-poison', '54', '80', NULL, NULL),
('1840', 'finneon-scales', '54', '80', NULL, NULL),
('1841', 'snover-berries', '54', '60', NULL, NULL),
('1842', 'rotom-sparks', '54', '200', NULL, NULL),
('1843', 'petilil-leaf', '54', '60', NULL, NULL),
('1844', 'basculin-fang', '54', '80', NULL, NULL),
('1845', 'sandile-claw', '54', '80', NULL, NULL),
('1846', 'zorua-fur', '54', '140', NULL, NULL),
('1847', 'gothita-eyelash', '54', '80', NULL, NULL),
('1848', 'deerling-hair', '54', '60', NULL, NULL),
('1849', 'foongus-spores', '54', '80', NULL, NULL),
('1850', 'alomomola-mucus', '54', '120', NULL, NULL),
('1851', 'tynamo-slime', '54', '80', NULL, NULL),
('1852', 'axew-scales', '54', '200', NULL, NULL),
('1853', 'cubchoo-fur', '54', '80', NULL, NULL),
('1854', 'cryogonal-ice', '54', '100', NULL, NULL),
('1855', 'pawniard-blade', '54', '80', NULL, NULL),
('1856', 'rufflet-feather', '54', '80', NULL, NULL),
('1857', 'deino-scales', '54', '200', NULL, NULL),
('1858', 'larvesta-fuzz', '54', '200', NULL, NULL),
('1859', 'fletchling-feather', '54', '60', NULL, NULL),
('1860', 'scatterbug-powder', '54', '40', NULL, NULL),
('1861', 'litleo-tuft', '54', '80', NULL, NULL),
('1862', 'flabb-pollen', '54', '80', NULL, NULL),
('1863', 'skiddo-leaf', '54', '80', NULL, NULL),
('1864', 'skrelp-kelp', '54', '100', NULL, NULL),
('1865', 'clauncher-claw', '54', '100', NULL, NULL),
('1866', 'hawlucha-down', '54', '100', NULL, NULL),
('1867', 'dedenne-fur', '54', '100', NULL, NULL),
('1868', 'goomy-goo', '54', '140', NULL, NULL),
('1869', 'klefki-key', '54', '100', NULL, NULL),
('1870', 'bergmite-ice', '54', '80', NULL, NULL),
('1871', 'noibat-fur', '54', '80', NULL, NULL),
('1872', 'yungoos-fur', '54', '60', NULL, NULL),
('1873', 'crabrawler-shell', '54', '100', NULL, NULL),
('1874', 'oricorio-feather', '54', '100', NULL, NULL),
('1875', 'rockruff-rock', '54', '80', NULL, NULL),
('1876', 'mareanie-spike', '54', '80', NULL, NULL),
('1877', 'mudbray-mud', '54', '80', NULL, NULL),
('1878', 'fomantis-leaf', '54', '80', NULL, NULL),
('1879', 'salandit-gas', '54', '80', NULL, NULL),
('1880', 'bounsweet-sweat', '54', '80', NULL, NULL),
('1881', 'oranguru-fur', '54', '120', NULL, NULL),
('1882', 'passimian-fur', '54', '120', NULL, NULL),
('1883', 'sandygast-sand', '54', '80', NULL, NULL),
('1884', 'komala-claw', '54', '100', NULL, NULL),
('1885', 'mimikyu-scrap', '54', '40', NULL, NULL),
('1886', 'bruxish-tooth', '54', '100', NULL, NULL),
('1887', 'chewtle-claw', '54', '80', NULL, NULL),
('1888', 'skwovet-fur', '54', '60', NULL, NULL),
('1889', 'arrokuda-scales', '54', '80', NULL, NULL),
('1890', 'rookidee-feather', '54', '80', NULL, NULL),
('1891', 'toxel-sparks', '54', '80', NULL, NULL),
('1892', 'falinks-sweat', '54', '120', NULL, NULL),
('1893', 'cufant-tarnish', '54', '80', NULL, NULL),
('1894', 'rolycoly-coal', '54', '80', NULL, NULL),
('1895', 'silicobra-sand', '54', '80', NULL, NULL),
('1896', 'indeedee-fur', '54', '120', NULL, NULL),
('1897', 'pincurchin-spines', '54', '100', NULL, NULL),
('1898', 'snom-thread', '54', '80', NULL, NULL),
('1899', 'impidimp-hair', '54', '80', NULL, NULL),
('1900', 'applin-juice', '54', '100', NULL, NULL),
('1901', 'sinistea-chip', '54', '80', NULL, NULL),
('1902', 'hatenna-dust', '54', '80', NULL, NULL),
('1903', 'stonjourner-stone', '54', '120', NULL, NULL),
('1904', 'eiscue-down', '54', '120', NULL, NULL),
('1905', 'dreepy-powder', '54', '200', NULL, NULL),
('1906', 'lechonk-hair', '54', '60', NULL, NULL),
('1907', 'tarountula-thread', '54', '60', NULL, NULL),
('1908', 'nymble-claw', '54', '60', NULL, NULL),
('1909', 'rellor-mud', '54', '80', NULL, NULL),
('1910', 'greavard-wax', '54', '80', NULL, NULL),
('1911', 'flittle-down', '54', '80', NULL, NULL),
('1912', 'wiglett-sand', '54', '80', NULL, NULL),
('1913', 'dondozo-whisker', '54', '160', NULL, NULL),
('1914', 'veluza-fillet', '54', '140', NULL, NULL),
('1915', 'finizen-mucus', '54', '100', NULL, NULL),
('1916', 'smoliv-oil', '54', '80', NULL, NULL),
('1917', 'capsakid-seed', '54', '80', NULL, NULL),
('1918', 'tadbulb-mucus', '54', '80', NULL, NULL),
('1919', 'varoom-fume', '54', '80', NULL, NULL),
('1920', 'orthworm-tarnish', '54', '200', NULL, NULL),
('1921', 'tandemaus-fur', '54', '80', NULL, NULL),
('1922', 'cetoddle-grease', '54', '80', NULL, NULL),
('1923', 'frigibax-scales', '54', '200', NULL, NULL),
('1924', 'tatsugiri-scales', '54', '200', NULL, NULL),
('1925', 'cyclizar-scales', '54', '120', NULL, NULL),
('1926', 'pawmi-fur', '54', '100', NULL, NULL),
('1927', 'wattrel-feather', '54', '120', NULL, NULL),
('1928', 'bombirdier-feather', '54', '200', NULL, NULL),
('1929', 'squawkabilly-feather', '54', '80', NULL, NULL),
('1930', 'flamigo-down', '54', '80', NULL, NULL),
('1931', 'klawf-claw', '54', '200', NULL, NULL),
('1932', 'nacli-salt', '54', '80', NULL, NULL),
('1933', 'glimmet-crystal', '54', '120', NULL, NULL),
('1934', 'shroodle-ink', '54', '80', NULL, NULL),
('1935', 'fidough-fur', '54', '80', NULL, NULL),
('1936', 'maschiff-fang', '54', '80', NULL, NULL),
('1937', 'bramblin-twig', '54', '80', NULL, NULL),
('1938', 'gimmighoul-coin', '54', '800', NULL, NULL),
('1939', 'tinkatink-hair', '54', '80', NULL, NULL),
('1940', 'charcadet-soot', '54', '160', NULL, NULL),
('1941', 'toedscool-flaps', '54', '100', NULL, NULL),
('1942', 'wooper-slime', '54', '60', NULL, NULL),
('1943', 'tm100', '37', '0', NULL, NULL),
('1944', 'tm101', '37', '0', NULL, NULL),
('1945', 'tm102', '37', '0', NULL, NULL),
('1946', 'tm103', '37', '0', NULL, NULL),
('1947', 'tm104', '37', '0', NULL, NULL),
('1948', 'tm105', '37', '0', NULL, NULL),
('1949', 'tm106', '37', '0', NULL, NULL),
('1950', 'tm107', '37', '0', NULL, NULL),
('1951', 'tm108', '37', '0', NULL, NULL),
('1952', 'tm109', '37', '0', NULL, NULL),
('1953', 'tm110', '37', '0', NULL, NULL),
('1954', 'tm111', '37', '0', NULL, NULL),
('1955', 'tm112', '37', '0', NULL, NULL),
('1956', 'tm113', '37', '0', NULL, NULL),
('1957', 'tm114', '37', '0', NULL, NULL),
('1958', 'tm115', '37', '0', NULL, NULL),
('1959', 'tm116', '37', '0', NULL, NULL),
('1960', 'tm117', '37', '0', NULL, NULL),
('1961', 'tm118', '37', '0', NULL, NULL),
('1962', 'tm119', '37', '0', NULL, NULL),
('1963', 'tm120', '37', '0', NULL, NULL),
('1964', 'tm121', '37', '0', NULL, NULL),
('1965', 'tm122', '37', '0', NULL, NULL),
('1966', 'tm123', '37', '0', NULL, NULL),
('1967', 'tm124', '37', '0', NULL, NULL),
('1968', 'tm125', '37', '0', NULL, NULL),
('1969', 'tm126', '37', '0', NULL, NULL),
('1970', 'tm127', '37', '0', NULL, NULL),
('1971', 'tm128', '37', '0', NULL, NULL),
('1972', 'tm129', '37', '0', NULL, NULL),
('1973', 'tm130', '37', '0', NULL, NULL),
('1974', 'tm131', '37', '0', NULL, NULL),
('1975', 'tm132', '37', '0', NULL, NULL),
('1976', 'tm133', '37', '0', NULL, NULL),
('1977', 'tm134', '37', '0', NULL, NULL),
('1978', 'tm135', '37', '0', NULL, NULL),
('1979', 'tm136', '37', '0', NULL, NULL),
('1980', 'tm137', '37', '0', NULL, NULL),
('1981', 'tm138', '37', '0', NULL, NULL),
('1982', 'tm139', '37', '0', NULL, NULL),
('1983', 'tm140', '37', '0', NULL, NULL),
('1984', 'tm141', '37', '0', NULL, NULL),
('1985', 'tm142', '37', '0', NULL, NULL),
('1986', 'tm143', '37', '0', NULL, NULL),
('1987', 'tm144', '37', '0', NULL, NULL),
('1988', 'tm145', '37', '0', NULL, NULL),
('1989', 'tm146', '37', '0', NULL, NULL),
('1990', 'tm147', '37', '0', NULL, NULL),
('1991', 'tm148', '37', '0', NULL, NULL),
('1992', 'tm149', '37', '0', NULL, NULL),
('1993', 'tm150', '37', '0', NULL, NULL),
('1994', 'tm151', '37', '0', NULL, NULL),
('1995', 'tm152', '37', '0', NULL, NULL),
('1996', 'tm153', '37', '0', NULL, NULL),
('1997', 'tm154', '37', '0', NULL, NULL),
('1998', 'tm155', '37', '0', NULL, NULL),
('1999', 'tm156', '37', '0', NULL, NULL),
('2000', 'tm157', '37', '0', NULL, NULL),
('2001', 'tm158', '37', '0', NULL, NULL),
('2002', 'tm159', '37', '0', NULL, NULL),
('2003', 'tm160', '37', '0', NULL, NULL),
('2004', 'tm161', '37', '0', NULL, NULL),
('2005', 'tm162', '37', '0', NULL, NULL),
('2006', 'tm163', '37', '0', NULL, NULL),
('2007', 'tm164', '37', '0', NULL, NULL),
('2008', 'tm165', '37', '0', NULL, NULL),
('2009', 'tm166', '37', '0', NULL, NULL),
('2010', 'tm167', '37', '0', NULL, NULL),
('2011', 'tm168', '37', '0', NULL, NULL),
('2012', 'tm169', '37', '0', NULL, NULL),
('2013', 'tm170', '37', '0', NULL, NULL),
('2014', 'tm171', '37', '0', NULL, NULL),
('2015', 'picnic-set', '55', '0', NULL, NULL),
('2016', 'academy-bottle', '55', '0', NULL, NULL),
('2017', 'academy-bottle', '55', '0', NULL, NULL),
('2018', 'polka-dot-bottle', '55', '1000', NULL, NULL),
('2019', 'striped-bottle', '55', '1000', NULL, NULL),
('2020', 'diamond-bottle', '55', '1000', NULL, NULL),
('2021', 'academy-cup', '55', '0', NULL, NULL),
('2022', 'academy-cup', '55', '0', NULL, NULL),
('2023', 'striped-cup', '55', '800', NULL, NULL),
('2024', 'polka-dot-cup', '55', '800', NULL, NULL),
('2025', 'flower-pattern-cup', '55', '800', NULL, NULL),
('2026', 'academy-tablecloth', '55', '0', NULL, NULL),
('2027', 'academy-tablecloth', '55', '0', NULL, NULL),
('2028', 'whimsical-tablecloth', '55', '2000', NULL, NULL),
('2029', 'leafy-tablecloth', '55', '2000', NULL, NULL),
('2030', 'spooky-tablecloth', '55', '4000', NULL, NULL),
('2031', 'academy-ball', '55', '0', NULL, NULL),
('2032', 'academy-ball', '55', '0', NULL, NULL),
('2033', 'marill-ball', '55', '2000', NULL, NULL),
('2034', 'yarn-ball', '55', '1000', NULL, NULL),
('2035', 'cyber-ball', '55', '2000', NULL, NULL),
('2036', 'gold-pick', '55', '400', NULL, NULL),
('2037', 'silver-pick', '55', '40', NULL, NULL),
('2038', 'red-flag-pick', '55', '120', NULL, NULL),
('2039', 'blue-flag-pick', '55', '120', NULL, NULL),
('2040', 'pika-pika-pick', '55', '480', NULL, NULL),
('2041', 'winking-pika-pick', '55', '1200', NULL, NULL),
('2042', 'vee-vee-pick', '55', '480', NULL, NULL),
('2043', 'smiling-vee-pick', '55', '1200', NULL, NULL),
('2044', 'blue-pok-ball-pick', '55', '200', NULL, NULL),
('2045', 'auspicious-armor', '55', '3000', NULL, NULL),
('2046', 'leaders-crest', '55', '3000', NULL, NULL),
('2047', 'pink-bottle', '55', '2000', NULL, NULL),
('2048', 'blue-bottle', '55', '2000', NULL, NULL),
('2049', 'yellow-bottle', '55', '2000', NULL, NULL),
('2050', 'steel-bottle-(r)', '55', '1500', NULL, NULL),
('2051', 'steel-bottle-(y)', '55', '1500', NULL, NULL),
('2052', 'steel-bottle-(b)', '55', '1500', NULL, NULL),
('2053', 'silver-bottle', '55', '20000', NULL, NULL),
('2054', 'barred-cup', '55', '800', NULL, NULL),
('2055', 'diamond-pattern-cup', '55', '800', NULL, NULL),
('2056', 'fire-pattern-cup', '55', '800', NULL, NULL),
('2057', 'pink-cup', '55', '1500', NULL, NULL),
('2058', 'blue-cup', '55', '1500', NULL, NULL),
('2059', 'yellow-cup', '55', '1500', NULL, NULL),
('2060', 'pikachu-cup', '55', '2000', NULL, NULL),
('2061', 'eevee-cup', '55', '2000', NULL, NULL),
('2062', 'slowpoke-cup', '55', '2000', NULL, NULL),
('2063', 'silver-cup', '55', '20000', NULL, NULL),
('2064', 'exercise-ball', '55', '2000', NULL, NULL),
('2065', 'plaid-tablecloth-(y)', '55', '3000', NULL, NULL),
('2066', 'plaid-tablecloth-(b)', '55', '3000', NULL, NULL),
('2067', 'plaid-tablecloth-(r)', '55', '3000', NULL, NULL),
('2068', 'b&w-grass-tablecloth', '55', '0', NULL, NULL),
('2069', 'battle-tablecloth', '55', '4000', NULL, NULL),
('2070', 'monstrous-tablecloth', '55', '2000', NULL, NULL),
('2071', 'striped-tablecloth', '55', '1500', NULL, NULL),
('2072', 'diamond-tablecloth', '55', '1500', NULL, NULL),
('2073', 'polka-dot-tablecloth', '55', '1500', NULL, NULL),
('2074', 'lilac-tablecloth', '55', '1000', NULL, NULL),
('2075', 'mint-tablecloth', '55', '1000', NULL, NULL),
('2076', 'peach-tablecloth', '55', '1000', NULL, NULL),
('2077', 'yellow-tablecloth', '55', '5000', NULL, NULL),
('2078', 'blue-tablecloth', '55', '5000', NULL, NULL),
('2079', 'pink-tablecloth', '55', '5000', NULL, NULL),
('2080', 'gold-bottle', '55', '30000', NULL, NULL),
('2081', 'bronze-bottle', '55', '10000', NULL, NULL),
('2082', 'gold-cup', '55', '15000', NULL, NULL),
('2083', 'bronze-cup', '55', '5000', NULL, NULL),
('2084', 'green-pok-ball-pick', '55', '200', NULL, NULL),
('2085', 'red-pok-ball-pick', '55', '200', NULL, NULL),
('2086', 'party-sparkler-pick', '55', '1600', NULL, NULL),
('2087', 'heroic-sword-pick', '55', '2000', NULL, NULL),
('2088', 'magical-star-pick', '55', '600', NULL, NULL),
('2089', 'magical-heart-pick', '55', '600', NULL, NULL),
('2090', 'parasol-pick', '55', '800', NULL, NULL),
('2091', 'blue-sky-flower-pick', '55', '1000', NULL, NULL),
('2092', 'sunset-flower-pick', '55', '1000', NULL, NULL),
('2093', 'sunrise-flower-pick', '55', '1000', NULL, NULL),
('2094', 'blue-dish', '55', '0', NULL, NULL),
('2095', 'green-dish', '55', '0', NULL, NULL),
('2096', 'orange-dish', '55', '0', NULL, NULL),
('2097', 'red-dish', '55', '0', NULL, NULL),
('2098', 'white-dish', '55', '0', NULL, NULL),
('2099', 'yellow-dish', '55', '0', NULL, NULL),
('2100', 'roto-stick', '21', '0', NULL, NULL),
('2101', 'teal-style-card', '21', '0', NULL, NULL),
('2102', 'teal-mask', '20', '0', NULL, NULL),
('2103', 'glimmering-charm', '21', '0', NULL, NULL),
('2104', 'cyrstal-cluster', '20', '0', NULL, NULL),
('2105', 'fairy-feather', '12', '750', NULL, NULL),
('2106', 'wellspring-mask', '12', '0', NULL, NULL),
('2107', 'hearthflame-mask', '12', '0', NULL, NULL),
('2108', 'cornerstone-mask', '12', '0', NULL, NULL),
('2109', 'syrupy-apple', '10', '500', NULL, NULL),
('2110', 'unremarkable-teacup', '10', '400', NULL, NULL),
('2111', 'masterpiece-teacup', '10', '9500', NULL, NULL),
('2112', 'health-mochi', '26', '125', NULL, NULL),
('2113', 'muscle-mochi', '26', '125', NULL, NULL),
('2114', 'resist-mochi', '26', '125', NULL, NULL),
('2115', 'genius-mochi', '26', '125', NULL, NULL),
('2116', 'clever-mochi', '26', '125', NULL, NULL),
('2117', 'swift-mochi', '26', '125', NULL, NULL),
('2118', 'fresh-start-mochi', '26', '75', NULL, NULL),
('2119', 'ekans-fang', '54', '15', NULL, NULL),
('2120', 'sandshrew-claw', '54', '10', NULL, NULL),
('2121', 'cleffa-fur', '54', '25', NULL, NULL),
('2122', 'vulpix-fur', '54', '35', NULL, NULL),
('2123', 'poliwag-slime', '54', '35', NULL, NULL),
('2124', 'bellsprout-vine', '54', '25', NULL, NULL),
('2125', 'geodude-fragment', '54', '30', NULL, NULL),
('2126', 'koffing-gas', '54', '25', NULL, NULL),
('2127', 'munchlax-fang', '54', '40', NULL, NULL),
('2128', 'sentret-fur', '54', '10', NULL, NULL),
('2129', 'hoothoot-feather', '54', '15', NULL, NULL),
('2130', 'spinarak-thread', '54', '10', NULL, NULL),
('2131', 'aipom-hair', '54', '30', NULL, NULL),
('2132', 'yanma-spike', '54', '35', NULL, NULL),
('2133', 'gligar-fang', '54', '40', NULL, NULL),
('2134', 'slugma-lava', '54', '20', NULL, NULL),
('2135', 'swinub-hair', '54', '35', NULL, NULL),
('2136', 'poochyena-fang', '54', '15', NULL, NULL),
('2137', 'lotad-leaf', '54', '20', NULL, NULL),
('2138', 'seedot-stem', '54', '20', NULL, NULL),
('2139', 'nosepass-fragment', '54', '40', NULL, NULL),
('2140', 'volbeat-fluid', '54', '10', NULL, NULL),
('2141', 'illumise-fluid', '54', '10', NULL, NULL),
('2142', 'corphish-shell', '54', '10', NULL, NULL),
('2143', 'feebas-scales', '54', '35', NULL, NULL),
('2144', 'duskull-fragment', '54', '40', NULL, NULL),
('2145', 'chingling-fragment', '54', '20', NULL, NULL),
('2146', 'timburr-sweat', '54', '30', NULL, NULL),
('2147', 'sewaddle-leaf', '54', '20', NULL, NULL),
('2148', 'ducklett-feather', '54', '15', NULL, NULL),
('2149', 'litwick-soot', '54', '30', NULL, NULL),
('2150', 'mienfoo-claw', '54', '40', NULL, NULL),
('2151', 'vullaby-feather', '54', '35', NULL, NULL),
('2152', 'carbink-jewel', '54', '50', NULL, NULL),
('2153', 'phantump-twig', '54', '20', NULL, NULL),
('2154', 'grubbin-thread', '54', '25', NULL, NULL),
('2155', 'cutiefly-powder', '54', '25', NULL, NULL),
('2156', 'jangmo-o-scales', '54', '50', NULL, NULL),
('2157', 'cramorant-down', '54', '30', NULL, NULL),
('2158', 'morpeko-snack', '54', '15', NULL, NULL),
('2159', 'poltchageist-powder', '54', '30', NULL, NULL),
('2160', 'linking-cord', '10', '8000', NULL, NULL),
('2161', 'tm172', '37', '0', NULL, NULL),
('2162', 'tm173', '37', '0', NULL, NULL),
('2163', 'tm174', '37', '0', NULL, NULL),
('2164', 'tm175', '37', '0', NULL, NULL),
('2165', 'tm176', '37', '0', NULL, NULL),
('2166', 'tm177', '37', '0', NULL, NULL),
('2167', 'tm178', '37', '0', NULL, NULL),
('2168', 'tm179', '37', '0', NULL, NULL),
('2169', 'tm180', '37', '0', NULL, NULL),
('2170', 'tm181', '37', '0', NULL, NULL),
('2171', 'tm182', '37', '0', NULL, NULL),
('2172', 'tm183', '37', '0', NULL, NULL),
('2173', 'tm184', '37', '0', NULL, NULL),
('2174', 'tm185', '37', '0', NULL, NULL),
('2175', 'tm186', '37', '0', NULL, NULL),
('2176', 'tm187', '37', '0', NULL, NULL),
('2177', 'tm188', '37', '0', NULL, NULL),
('2178', 'tm189', '37', '0', NULL, NULL),
('2179', 'tm190', '37', '0', NULL, NULL),
('2180', 'tm191', '37', '0', NULL, NULL),
('2181', 'tm192', '37', '0', NULL, NULL),
('2182', 'tm193', '37', '0', NULL, NULL),
('2183', 'tm194', '37', '0', NULL, NULL),
('2184', 'tm195', '37', '0', NULL, NULL),
('2185', 'tm196', '37', '0', NULL, NULL),
('2186', 'tm197', '37', '0', NULL, NULL),
('2187', 'tm198', '37', '0', NULL, NULL),
('2188', 'tm199', '37', '0', NULL, NULL),
('2189', 'tm200', '37', '0', NULL, NULL),
('2190', 'tm201', '37', '0', NULL, NULL),
('2191', 'tm202', '37', '0', NULL, NULL),
('2192', 'tm203', '37', '0', NULL, NULL),
('2193', 'tm204', '37', '0', NULL, NULL),
('2194', 'tm205', '37', '0', NULL, NULL),
('2195', 'tm206', '37', '0', NULL, NULL),
('2196', 'tm207', '37', '0', NULL, NULL),
('2197', 'tm208', '37', '0', NULL, NULL),
('2198', 'tm209', '37', '0', NULL, NULL),
('2199', 'tm210', '37', '0', NULL, NULL),
('2200', 'tm211', '37', '0', NULL, NULL),
('2201', 'tm212', '37', '0', NULL, NULL),
('2202', 'tm213', '37', '0', NULL, NULL),
('2203', 'tm214', '37', '0', NULL, NULL),
('2204', 'tm215', '37', '0', NULL, NULL),
('2205', 'tm216', '37', '0', NULL, NULL),
('2206', 'tm217', '37', '0', NULL, NULL),
('2207', 'tm218', '37', '0', NULL, NULL),
('2208', 'tm219', '37', '0', NULL, NULL),
('2209', 'tm220', '37', '0', NULL, NULL),
('2210', 'tm221', '37', '0', NULL, NULL),
('2211', 'tm222', '37', '0', NULL, NULL),
('2212', 'tm223', '37', '0', NULL, NULL),
('2213', 'tm224', '37', '0', NULL, NULL),
('2214', 'tm225', '37', '0', NULL, NULL),
('2215', 'tm226', '37', '0', NULL, NULL),
('2216', 'tm227', '37', '0', NULL, NULL),
('2217', 'tm228', '37', '0', NULL, NULL),
('2218', 'tm229', '37', '0', NULL, NULL),
('2219', 'lastrange-ball', '34', '0', NULL, NULL),
('2220', 'lapoke-ball', '34', '0', NULL, NULL),
('2221', 'lagreat-ball', '34', '0', NULL, NULL),
('2222', 'laultra-ball', '34', '0', NULL, NULL),
('2223', 'laheavy-ball', '34', '0', NULL, NULL),
('2224', 'laleaden-ball', '34', '0', NULL, NULL),
('2225', 'lagigaton-ball', '34', '0', NULL, NULL),
('2226', 'lafeather-ball', '34', '0', NULL, NULL),
('2227', 'lawing-ball', '34', '0', NULL, NULL),
('2228', 'lajet-ball', '34', '0', NULL, NULL),
('2229', 'laorigin-ball', '34', '0', NULL, NULL),
('10001', 'black-augurite', '10', '0', NULL, NULL),
('10002', 'peat-block', '10', '0', NULL, NULL);