-- Your SQL goes here
CREATE TABLE genders (
	id INTEGER NOT NULL, 
	identifier VARCHAR(30) NOT NULL, 
	PRIMARY KEY (id), 
	UNIQUE (identifier)
);

CREATE TABLE locations (
	id INTEGER NOT NULL, 
	region_id INTEGER, 
	identifier VARCHAR(30) NOT NULL, 
	PRIMARY KEY (id), 
	FOREIGN KEY(region_id) REFERENCES regions (id), 
	UNIQUE (identifier)
);

CREATE TABLE regions (
	id INTEGER NOT NULL, 
	identifier VARCHAR(30) NOT NULL, 
	PRIMARY KEY (id), 
	UNIQUE (identifier)
);

-- 创建地点区域表
CREATE TABLE location_areas (
    id INTEGER NOT NULL PRIMARY KEY,
    location_id INTEGER NOT NULL REFERENCES locations(id),
    game_index INTEGER NOT NULL,
    identifier VARCHAR NOT NULL
);

INSERT INTO "genders" ("id", "identifier") VALUES
('1', 'female'),
('2', 'male'),
('3', 'genderless');

INSERT INTO "regions" ("id", "identifier") VALUES
('1', 'kanto'),
('2', 'johto'),
('3', 'hoenn'),
('4', 'sinnoh'),
('5', 'unova'),
('6', 'kalos'),
('7', 'alola'),
('8', 'galar'),
('9', 'hisui'),
('10', 'paldea');

INSERT INTO "locations" ("id", "region_id", "identifier") VALUES
('1', '4', 'canalave-city'),
('2', '4', 'eterna-city'),
('3', '4', 'pastoria-city'),
('4', '4', 'sunyshore-city'),
('5', '4', 'sinnoh-pokemon-league'),
('6', '4', 'oreburgh-mine'),
('7', '4', 'valley-windworks'),
('8', '4', 'eterna-forest'),
('9', '4', 'fuego-ironworks'),
('10', '4', 'mt-coronet'),
('11', '4', 'great-marsh'),
('12', '4', 'solaceon-ruins'),
('13', '4', 'sinnoh-victory-road'),
('14', '4', 'ravaged-path'),
('15', '4', 'oreburgh-gate'),
('16', '4', 'stark-mountain'),
('17', '4', 'spring-path'),
('18', '4', 'turnback-cave'),
('19', '4', 'snowpoint-temple'),
('20', '4', 'wayward-cave'),
('22', '4', 'ruin-maniac-cave'),
('23', '4', 'trophy-garden'),
('24', '4', 'iron-island'),
('25', '4', 'old-chateau'),
('26', '4', 'lake-verity'),
('27', '4', 'lake-valor'),
('28', '4', 'lake-acuity'),
('29', '4', 'valor-lakefront'),
('30', '4', 'acuity-lakefront'),
('31', '4', 'sinnoh-route-201'),
('32', '4', 'sinnoh-route-202'),
('33', '4', 'sinnoh-route-203'),
('34', '4', 'sinnoh-route-204'),
('35', '4', 'sinnoh-route-205'),
('36', '4', 'sinnoh-route-206'),
('37', '4', 'sinnoh-route-207'),
('38', '4', 'sinnoh-route-208'),
('39', '4', 'sinnoh-route-209'),
('40', '4', 'lost-tower'),
('41', '4', 'sinnoh-route-210'),
('42', '4', 'sinnoh-route-211'),
('43', '4', 'sinnoh-route-212'),
('44', '4', 'sinnoh-route-213'),
('45', '4', 'sinnoh-route-214'),
('46', '4', 'sinnoh-route-215'),
('47', '4', 'sinnoh-route-216'),
('48', '4', 'sinnoh-route-217'),
('49', '4', 'sinnoh-route-218'),
('50', '4', 'sinnoh-route-219'),
('51', '4', 'sinnoh-route-221'),
('52', '4', 'sinnoh-route-222'),
('53', '4', 'sinnoh-route-224'),
('54', '4', 'sinnoh-route-225'),
('55', '4', 'sinnoh-route-227'),
('56', '4', 'sinnoh-route-228'),
('57', '4', 'sinnoh-route-229'),
('58', '4', 'twinleaf-town'),
('59', '4', 'celestic-town'),
('60', '4', 'resort-area'),
('61', '4', 'sinnoh-sea-route-220'),
('62', '4', 'sinnoh-sea-route-223'),
('63', '4', 'sinnoh-sea-route-226'),
('64', '4', 'sinnoh-sea-route-230'),
('65', '2', 'blackthorn-city'),
('66', '2', 'burned-tower'),
('67', '1', 'celadon-city'),
('68', '1', 'cerulean-city'),
('69', '2', 'cherrygrove-city'),
('70', '2', 'cianwood-city'),
('71', '1', 'cinnabar-island'),
('72', '2', 'dark-cave'),
('73', '1', 'digletts-cave'),
('74', '2', 'dragons-den'),
('75', '2', 'ecruteak-city'),
('76', '1', 'fuchsia-city'),
('77', '2', 'ice-path'),
('78', '2', 'ilex-forest'),
('79', '2', 'lake-of-rage'),
('80', '1', 'mt-moon'),
('81', '2', 'mt-mortar'),
('82', '2', 'mt-silver'),
('83', '2', 'national-park'),
('84', '2', 'new-bark-town'),
('85', '2', 'olivine-city'),
('86', '1', 'pallet-town'),
('87', '1', 'rock-tunnel'),
('88', '1', 'kanto-route-1'),
('89', '1', 'kanto-route-10'),
('90', '1', 'kanto-route-11'),
('91', '1', 'kanto-route-12'),
('92', '1', 'kanto-route-13'),
('93', '1', 'kanto-route-14'),
('94', '1', 'kanto-route-15'),
('95', '1', 'kanto-route-16'),
('96', '1', 'kanto-route-17'),
('97', '1', 'kanto-route-18'),
('98', '1', 'kanto-sea-route-19'),
('99', '1', 'kanto-route-2'),
('100', '1', 'kanto-sea-route-20'),
('101', '1', 'kanto-sea-route-21'),
('102', '1', 'kanto-route-22'),
('103', '1', 'kanto-route-24'),
('104', '1', 'kanto-route-25'),
('105', '1', 'kanto-route-26'),
('106', '1', 'kanto-route-27'),
('107', '1', 'kanto-route-28'),
('108', '2', 'johto-route-29'),
('109', '1', 'kanto-route-3'),
('110', '2', 'johto-route-30'),
('111', '2', 'johto-route-31'),
('112', '2', 'johto-route-32'),
('113', '2', 'johto-route-33'),
('114', '2', 'johto-route-34'),
('115', '2', 'johto-route-35'),
('116', '2', 'johto-route-36'),
('117', '2', 'johto-route-37'),
('118', '2', 'johto-route-38'),
('119', '2', 'johto-route-39'),
('120', '1', 'kanto-route-4'),
('121', '2', 'johto-sea-route-40'),
('122', '2', 'johto-sea-route-41'),
('123', '2', 'johto-route-42'),
('124', '2', 'johto-route-43'),
('125', '2', 'johto-route-44'),
('126', '2', 'johto-route-45'),
('127', '2', 'johto-route-46'),
('128', '2', 'johto-route-47'),
('129', '2', 'johto-route-48'),
('130', '1', 'kanto-route-5'),
('131', '1', 'kanto-route-6'),
('132', '1', 'kanto-route-7'),
('133', '1', 'kanto-route-8'),
('134', '1', 'kanto-route-9'),
('135', '2', 'ruins-of-alph'),
('136', '1', 'seafoam-islands'),
('137', '2', 'slowpoke-well'),
('138', '2', 'sprout-tower'),
('139', '2', 'bell-tower'),
('140', '2', 'tohjo-falls'),
('141', '2', 'union-cave'),
('147', '1', 'cerulean-cave'),
('148', '2', 'unknown-all-poliwag'),
('149', '2', 'unknown-all-rattata'),
('150', '2', 'unknown-all-bugs'),
('151', '1', 'vermilion-city'),
('152', '1', 'kanto-victory-road-1'),
('153', '2', 'violet-city'),
('154', '1', 'viridian-city'),
('155', '1', 'viridian-forest'),
('156', '2', 'whirl-islands'),
('157', '1', 'kanto-route-23'),
('158', '1', 'power-plant'),
('159', '1', 'kanto-victory-road-2'),
('160', '1', 'pokemon-tower'),
('161', '1', 'pokemon-mansion'),
('162', '1', 'kanto-safari-zone'),
('163', '4', 'sandgem-town'),
('164', '4', 'floaroma-town'),
('165', '4', 'solaceon-town'),
('167', '4', 'jubilife-city'),
('168', '4', 'oreburgh-city'),
('169', '4', 'hearthome-city'),
('170', '4', 'veilstone-city'),
('171', '4', 'snowpoint-city'),
('172', '4', 'spear-pillar'),
('173', '4', 'pal-park'),
('174', '4', 'amity-square'),
('175', '4', 'floaroma-meadow'),
('177', '4', 'fullmoon-island'),
('178', '4', 'sendoff-spring'),
('179', '4', 'flower-paradise'),
('180', '4', 'maniac-tunnel'),
('181', '4', 'galactic-hq'),
('182', '4', 'verity-lakefront'),
('183', '4', 'newmoon-island'),
('184', '4', 'sinnoh-battle-tower'),
('185', '4', 'fight-area'),
('186', '4', 'survival-area'),
('187', '4', 'seabreak-path'),
('188', '4', 'sinnoh-hall-of-origin-1'),
('189', '4', 'sinnoh-hall-of-origin-2'),
('190', '4', 'verity-cavern'),
('191', '4', 'valor-cavern'),
('192', '4', 'acuity-cavern'),
('193', '4', 'jubilife-tv'),
('194', '4', 'poketch-co'),
('195', '4', 'gts'),
('196', '4', 'trainers-school'),
('197', '4', 'mining-museum'),
('198', '4', 'sinnoh-flower-shop'),
('199', '4', 'sinnoh-cycle-shop'),
('200', '4', 'contest-hall'),
('201', '4', 'poffin-house'),
('202', '4', 'sinnoh-foreign-building'),
('203', '4', 'pokemon-day-care'),
('204', '4', 'veilstone-store'),
('205', '4', 'sinnoh-game-corner'),
('206', '4', 'canalave-library'),
('207', '4', 'vista-lighthouse'),
('208', '4', 'sunyshore-market'),
('209', '4', 'footstep-house'),
('210', '4', 'sinnoh-cafe'),
('211', '4', 'grand-lake'),
('212', '4', 'sinnoh-restaurant'),
('213', '4', 'battle-park'),
('214', '4', 'battle-frontier'),
('215', '4', 'battle-factory'),
('216', '4', 'battle-castle'),
('217', '4', 'battle-arcade'),
('218', '4', 'battle-hall'),
('219', '4', 'distortion-world'),
('220', '4', 'sinnoh-global-terminal'),
('221', '4', 'sinnoh-villa'),
('222', '4', 'battleground'),
('223', '4', 'rotoms-room'),
('224', '4', 'tg-eterna-bldg'),
('225', '4', 'iron-ruins'),
('226', '4', 'iceberg-ruins'),
('227', '4', 'rock-peak-ruins'),
('228', '2', 'azalea-town'),
('229', '2', 'goldenrod-city'),
('230', '2', 'mahogany-town'),
('231', '1', 'pewter-city'),
('232', '1', 'lavender-town'),
('233', '1', 'indigo-plateau'),
('234', '1', 'saffron-city'),
('236', '2', 'johto-lighthouse'),
('237', '2', 'team-rocket-hq'),
('238', '2', 'goldenrod-tunnel'),
('239', '2', 'mt-silver-cave'),
('241', '2', 'pokeathlon-dome'),
('242', '2', 'ss-aqua'),
('243', '2', 'safari-zone-gate'),
('244', '2', 'cliff-cave'),
('245', '2', 'frontier-access'),
('246', '2', 'bellchime-trail'),
('247', '2', 'sinjoh-ruins'),
('248', '2', 'embedded-tower'),
('249', '2', 'pokewalker'),
('250', '2', 'cliff-edge-gate'),
('252', '2', 'radio-tower'),
('253', NULL, 'day-care-couple'),
('254', NULL, 'link-trade-arrive'),
('255', NULL, 'link-trade-met'),
('256', NULL, 'kanto'),
('257', NULL, 'johto'),
('258', NULL, 'hoenn'),
('259', NULL, 'sinnoh'),
('260', NULL, 'distant-land'),
('261', NULL, 'traveling-man'),
('262', NULL, 'riley'),
('263', NULL, 'cynthia'),
('264', NULL, 'mystery-zone'),
('265', NULL, 'lovely-place'),
('266', NULL, 'pokemon-ranger'),
('267', NULL, 'faraway-place'),
('268', NULL, 'pokemon-movie'),
('269', NULL, 'pokemon-movie-06'),
('270', NULL, 'pokemon-movie-07'),
('271', NULL, 'pokemon-movie-08'),
('272', NULL, 'pokemon-movie-09'),
('273', NULL, 'pokemon-movie-10'),
('274', NULL, 'pokemon-movie-11'),
('275', NULL, 'pokemon-movie-12'),
('276', NULL, 'pokemon-movie-13'),
('277', NULL, 'pokemon-movie-14'),
('278', NULL, 'pokemon-movie-15'),
('279', NULL, 'pokemon-movie-16'),
('280', NULL, 'pokemon-cartoon'),
('281', NULL, 'space-world'),
('282', NULL, 'space-world-06'),
('283', NULL, 'space-world-07'),
('284', NULL, 'space-world-08'),
('285', NULL, 'space-world-09'),
('286', NULL, 'space-world-10'),
('287', NULL, 'space-world-11'),
('288', NULL, 'space-world-12'),
('289', NULL, 'space-world-13'),
('290', NULL, 'space-world-14'),
('291', NULL, 'space-world-15'),
('292', NULL, 'space-world-16'),
('293', NULL, 'pokemon-festa'),
('294', NULL, 'pokemon-festa-06'),
('295', NULL, 'pokemon-festa-07'),
('296', NULL, 'pokemon-festa-08'),
('297', NULL, 'pokemon-festa-09'),
('298', NULL, 'pokemon-festa-10'),
('299', NULL, 'pokemon-festa-11'),
('300', NULL, 'pokemon-festa-12'),
('301', NULL, 'pokemon-festa-13'),
('302', NULL, 'pokemon-festa-14'),
('303', NULL, 'pokemon-festa-15'),
('304', NULL, 'pokemon-festa-16'),
('305', NULL, 'pokepark'),
('306', NULL, 'pokepark-06'),
('307', NULL, 'pokepark-07'),
('308', NULL, 'pokepark-08'),
('309', NULL, 'pokepark-09'),
('310', NULL, 'pokepark-10'),
('311', NULL, 'pokepark-11'),
('312', NULL, 'pokepark-12'),
('313', NULL, 'pokepark-13'),
('314', NULL, 'pokepark-14'),
('315', NULL, 'pokepark-15'),
('316', NULL, 'pokepark-16'),
('317', NULL, 'pokemon-center'),
('318', NULL, 'pc-tokyo'),
('319', NULL, 'pc-osaka'),
('320', NULL, 'pc-fukuoka'),
('321', NULL, 'pc-nagoya'),
('322', NULL, 'pc-sapporo'),
('323', NULL, 'pc-yokohama'),
('324', NULL, 'nintendo-world'),
('325', NULL, 'pokemon-event'),
('326', NULL, 'pokemon-event-06'),
('327', NULL, 'pokemon-event-07'),
('328', NULL, 'pokemon-event-08'),
('329', NULL, 'pokemon-event-09'),
('330', NULL, 'pokemon-event-10'),
('331', NULL, 'pokemon-event-11'),
('332', NULL, 'pokemon-event-12'),
('333', NULL, 'pokemon-event-13'),
('334', NULL, 'pokemon-event-14'),
('335', NULL, 'pokemon-event-15'),
('336', NULL, 'pokemon-event-16'),
('337', NULL, 'wi-fi-event'),
('338', NULL, 'wi-fi-gift'),
('339', NULL, 'pokemon-fan-club'),
('340', NULL, 'event-site'),
('341', NULL, 'concert-event'),
('342', NULL, 'mr-pokemon'),
('343', NULL, 'primo'),
('344', '5', 'unova-mystery-zone'),
('345', '5', 'unova-faraway-place'),
('346', '5', 'nuvema-town'),
('347', '5', 'accumula-town'),
('348', '5', 'striaton-city'),
('349', '5', 'nacrene-city'),
('350', '5', 'castelia-city'),
('351', '5', 'nimbasa-city'),
('352', '5', 'driftveil-city'),
('353', '5', 'mistralton-city'),
('354', '5', 'icirrus-city'),
('355', '5', 'opelucid-city'),
('356', '5', 'unova-route-1'),
('357', '5', 'unova-route-2'),
('358', '5', 'unova-route-3'),
('359', '5', 'unova-route-4'),
('360', '5', 'unova-route-5'),
('361', '5', 'unova-route-6'),
('362', '5', 'unova-route-7'),
('363', '5', 'unova-route-8'),
('364', '5', 'unova-route-9'),
('365', '5', 'unova-route-10'),
('366', '5', 'unova-route-11'),
('367', '5', 'unova-route-12'),
('368', '5', 'unova-route-13'),
('369', '5', 'unova-route-14'),
('370', '5', 'unova-route-15'),
('371', '5', 'unova-route-16'),
('372', '5', 'unova-route-17'),
('373', '5', 'unova-route-18'),
('374', '5', 'dreamyard'),
('375', '5', 'pinwheel-forest'),
('376', '5', 'desert-resort'),
('377', '5', 'relic-castle'),
('378', '5', 'cold-storage'),
('379', '5', 'chargestone-cave'),
('380', '5', 'twist-mountain'),
('381', '5', 'dragonspiral-tower'),
('382', '5', 'unova-victory-road'),
('383', '5', 'lacunosa-town'),
('384', '5', 'undella-town'),
('385', '5', 'anville-town'),
('386', '5', 'unova-pokemon-league'),
('387', '5', 'ns-castle'),
('388', '5', 'royal-unova'),
('389', '5', 'gear-station'),
('390', '5', 'battle-subway'),
('391', '5', 'musical-theater'),
('392', '5', 'black-city'),
('393', '5', 'white-forest'),
('394', '5', 'unity-tower'),
('395', '5', 'wellspring-cave'),
('396', '5', 'mistralton-cave'),
('397', '5', 'rumination-field'),
('398', '5', 'celestial-tower'),
('399', '5', 'moor-of-icirrus'),
('400', '5', 'unova-shopping-mall'),
('401', '5', 'challengers-cave'),
('402', '5', 'poke-transfer-lab'),
('403', '5', 'giant-chasm'),
('404', '5', 'liberty-garden'),
('405', '5', 'p2-laboratory'),
('406', '5', 'skyarrow-bridge'),
('407', '5', 'driftveil-drawbridge'),
('408', '5', 'tubeline-bridge'),
('409', '5', 'village-bridge'),
('410', '5', 'marvelous-bridge'),
('411', '5', 'entralink'),
('412', '5', 'abundant-shrine'),
('413', '5', 'undella-bay'),
('414', '5', 'lostlorn-forest'),
('415', '5', 'trial-chamber'),
('416', '5', 'guidance-chamber'),
('417', '5', 'entree-forest'),
('418', '5', 'accumula-gate'),
('419', '5', 'undella-gate'),
('420', '5', 'nacrene-gate'),
('421', '5', 'castelia-gate'),
('422', '5', 'nimbasa-gate'),
('423', '5', 'opelucid-gate'),
('424', '5', 'black-gate'),
('425', '5', 'white-gate'),
('426', '5', 'bridge-gate'),
('427', '5', 'route-gate'),
('428', '5', 'abyssal-ruins'),
('429', '3', 'petalburg-city'),
('430', '3', 'slateport-city'),
('431', '3', 'lilycove-city'),
('432', '3', 'mossdeep-city'),
('433', '3', 'sootopolis-city'),
('434', '3', 'ever-grande-city'),
('435', '3', 'meteor-falls'),
('436', '3', 'rusturf-tunnel'),
('437', '3', 'granite-cave'),
('438', '3', 'petalburg-woods'),
('439', '3', 'jagged-pass'),
('440', '3', 'fiery-path'),
('441', '3', 'mt-pyre'),
('442', '3', 'seafloor-cavern'),
('443', '3', 'cave-of-origin'),
('444', '3', 'hoenn-victory-road'),
('445', '3', 'shoal-cave'),
('446', '3', 'new-mauville'),
('447', '3', 'abandoned-ship'),
('448', '3', 'sky-pillar'),
('449', '3', 'hoenn-route-101'),
('450', '3', 'hoenn-route-102'),
('451', '3', 'hoenn-route-103'),
('452', '3', 'hoenn-route-104'),
('453', '3', 'hoenn-route-105'),
('454', '3', 'hoenn-route-106'),
('455', '3', 'hoenn-route-107'),
('456', '3', 'hoenn-route-108'),
('457', '3', 'hoenn-route-109'),
('458', '3', 'hoenn-route-110'),
('459', '3', 'hoenn-route-111'),
('460', '3', 'hoenn-route-112'),
('461', '3', 'hoenn-route-113'),
('462', '3', 'hoenn-route-114'),
('463', '3', 'hoenn-route-115'),
('464', '3', 'hoenn-route-116'),
('465', '3', 'hoenn-route-117'),
('466', '3', 'hoenn-route-118'),
('467', '3', 'hoenn-route-119'),
('468', '3', 'hoenn-route-120'),
('469', '3', 'hoenn-route-121'),
('470', '3', 'hoenn-route-122'),
('471', '3', 'hoenn-route-123'),
('472', '3', 'hoenn-route-124'),
('473', '3', 'hoenn-route-125'),
('474', '3', 'hoenn-route-126'),
('475', '3', 'hoenn-route-127'),
('476', '3', 'hoenn-route-128'),
('477', '3', 'hoenn-route-129'),
('478', '3', 'hoenn-route-130'),
('479', '3', 'hoenn-route-131'),
('480', '3', 'hoenn-route-132'),
('481', '3', 'hoenn-route-133'),
('482', '3', 'hoenn-route-134'),
('483', '3', 'hoenn-safari-zone'),
('484', '3', 'dewford-town'),
('485', '3', 'pacifidlog-town'),
('486', '3', 'magma-hideout'),
('487', '3', 'mirage-tower'),
('488', '3', 'desert-underpass'),
('489', '3', 'artisan-cave'),
('490', '3', 'hoenn-altering-cave'),
('491', '1', 'monean-chamber'),
('492', '1', 'liptoo-chamber'),
('493', '1', 'weepth-chamber'),
('494', '1', 'dilford-chamber'),
('495', '1', 'scufib-chamber'),
('496', '1', 'rixy-chamber'),
('497', '1', 'viapos-chamber'),
('498', '1', 'ss-anne'),
('500', '1', 'mt-ember'),
('501', '1', 'berry-forest'),
('502', '1', 'icefall-cave'),
('503', '1', 'pattern-bush'),
('504', '1', 'lost-cave'),
('505', '1', 'kindle-road'),
('506', '1', 'treasure-beach'),
('507', '1', 'cape-brink'),
('508', '1', 'bond-bridge'),
('509', '1', 'three-isle-port'),
('510', '1', 'resort-gorgeous'),
('511', '1', 'water-labyrinth'),
('512', '1', 'five-isle-meadow'),
('513', '1', 'memorial-pillar'),
('514', '1', 'outcast-island'),
('515', '1', 'green-path'),
('516', '1', 'water-path'),
('517', '1', 'ruin-valley'),
('518', '1', 'trainer-tower'),
('519', '1', 'canyon-entrance'),
('520', '1', 'sevault-canyon'),
('521', '1', 'tanoby-ruins'),
('526', '1', 'one-island'),
('527', '1', 'four-island'),
('528', '1', 'five-island'),
('529', '1', 'kanto-altering-cave'),
('531', '5', 'aspertia-city'),
('532', '5', 'virbank-city'),
('533', '5', 'humilau-city'),
('534', '5', 'pokestar-studios'),
('535', '5', 'join-avenue'),
('536', '5', 'floccesy-town'),
('537', '5', 'lentimas-town'),
('538', '5', 'unova-route-19'),
('539', '5', 'unova-route-20'),
('540', '5', 'unova-route-21'),
('541', '5', 'unova-route-22'),
('542', '5', 'unova-route-23'),
('543', '5', 'castelia-sewers'),
('544', '5', 'floccesy-ranch'),
('545', '5', 'virbank-complex'),
('546', '5', 'reversal-mountain'),
('547', '5', 'strange-house'),
('548', '5', 'unova-victory-road-2'),
('549', '5', 'plasma-frigate'),
('550', '5', 'relic-passage'),
('551', '5', 'clay-tunnel'),
('552', '5', 'white-treehollow'),
('553', '5', 'black-tower'),
('554', '5', 'seaside-cave'),
('555', '5', 'cave-of-being'),
('556', '5', 'hidden-grotto'),
('557', '5', 'marine-tube'),
('558', '5', 'virbank-gate'),
('559', '5', 'aspertia-gate'),
('560', '5', 'nature-sanctuary'),
('561', '5', 'medal-secretariat'),
('562', '5', 'underground-ruins'),
('563', '5', 'rocky-mountain-room'),
('564', '5', 'glacier-room'),
('565', '5', 'iron-room'),
('566', '5', 'pledge-grove'),
('567', '3', 'littleroot-town'),
('568', '3', 'oldale-town'),
('569', '3', 'lavaridge-town'),
('570', '3', 'fallarbor-town'),
('571', '3', 'verdanturf-town'),
('572', '3', 'mauville-city'),
('573', '3', 'rustboro-city'),
('574', '3', 'fortree-city'),
('575', '3', 'underwater'),
('576', '3', 'mt-chimney'),
('577', '3', 'mirage-island'),
('578', '3', 'southern-island'),
('579', '3', 'sealed-chamber'),
('580', '3', 'scorched-slab'),
('581', '3', 'island-cave'),
('582', '3', 'desert-ruins'),
('583', '3', 'ancient-tomb'),
('584', '3', 'inside-of-truck'),
('585', '3', 'secret-base'),
('586', '3', 'hoenn-battle-tower'),
('587', '6', 'vaniville-town'),
('588', '6', 'kalos-route-1'),
('589', '6', 'vaniville-pathway'),
('590', '6', 'aquacorde-town'),
('591', '6', 'kalos-route-2'),
('592', '6', 'avance-trail'),
('593', '6', 'santalune-forest'),
('594', '6', 'kalos-route-3'),
('595', '6', 'ouvert-way'),
('596', '6', 'santalune-city'),
('597', '6', 'kalos-route-4'),
('598', '6', 'parterre-way'),
('599', '6', 'lumiose-city'),
('600', '6', 'prism-tower'),
('601', '6', 'lysandre-labs'),
('602', '6', 'kalos-route-5'),
('603', '6', 'versant-road'),
('604', '6', 'camphrier-town'),
('605', '6', 'shabboneau-castle'),
('606', '6', 'kalos-route-6'),
('607', '6', 'palais-lane'),
('608', '6', 'parfum-palace'),
('609', '6', 'kalos-route-7'),
('610', '6', 'rivière-walk'),
('611', '6', 'cyllage-city'),
('612', '6', 'kalos-route-8'),
('613', '6', 'muraille-coast'),
('614', '6', 'ambrette-town'),
('615', '6', 'kalos-route-9'),
('616', '6', 'spikes-passage'),
('617', '6', 'battle-chateau'),
('618', '6', 'kalos-route-10'),
('619', '6', 'menhir-trail'),
('620', '6', 'geosenge-town'),
('621', '6', 'kalos-route-11'),
('622', '6', 'miroir-way'),
('623', '6', 'reflection-cave'),
('624', '6', 'shalour-city'),
('625', '6', 'tower-of-mastery'),
('626', '6', 'kalos-route-12'),
('627', '6', 'fourrage-road'),
('628', '6', 'coumarine-city'),
('629', '6', 'kalos-route-13'),
('630', '6', 'lumiose-badlands'),
('631', '6', 'kalos-route-14'),
('632', '6', 'laverre-nature-trail'),
('633', '6', 'laverre-city'),
('634', '6', 'poke-ball-factory'),
('635', '6', 'kalos-route-15'),
('636', '6', 'brun-way'),
('637', '6', 'dendemille-town'),
('638', '6', 'kalos-route-16'),
('639', '6', 'melancolie-path'),
('640', '6', 'frost-cavern'),
('641', '6', 'kalos-route-17'),
('642', '6', 'mamoswine-road'),
('643', '6', 'anistar-city'),
('644', '6', 'kalos-route-18'),
('645', '6', 'vallee-etroite-way'),
('646', '6', 'couriway-town'),
('647', '6', 'kalos-route-19'),
('648', '6', 'grande-vallee-way'),
('649', '6', 'snowbelle-city'),
('650', '6', 'kalos-route-20'),
('651', '6', 'winding-woods'),
('652', '6', 'pokemon-village'),
('653', '6', 'kalos-route-21'),
('654', '6', 'dernière-way'),
('655', '6', 'kalos-route-22'),
('656', '6', 'detourner-way'),
('657', '6', 'kalos-victory-road'),
('658', '6', 'kalos-pokemon-league'),
('659', '6', 'kiloude-city'),
('660', '6', 'battle-maison'),
('661', '6', 'azure-bay'),
('662', '6', 'dendemille-gate'),
('663', '6', 'couriway-gate'),
('664', '6', 'ambrette-gate'),
('665', '6', 'lumiose-gate'),
('666', '6', 'shalour-gate'),
('667', '6', 'coumarine-gate'),
('668', '6', 'laverre-gate'),
('669', '6', 'anistar-gate'),
('670', '6', 'snowbelle-gate'),
('671', '6', 'glittering-cave'),
('672', '6', 'connecting-cave'),
('673', '6', 'zubat-roost'),
('674', '6', 'kalos-power-plant'),
('675', '6', 'team-flare-secret-hq'),
('676', '6', 'terminus-cave'),
('677', '6', 'lost-hotel'),
('678', '6', 'chamber-of-emptiness'),
('679', '6', 'sea-spirits-den'),
('680', '6', 'friend-safari'),
('681', '6', 'blazing-chamber'),
('682', '6', 'flood-chamber'),
('683', '6', 'ironworks-chamber'),
('684', '6', 'dragonmark-chamber'),
('685', '6', 'radiant-chamber'),
('686', '6', 'pokemon-league-gate'),
('687', '6', 'lumiose-station'),
('688', '6', 'kiloude-station'),
('689', '6', 'ambrette-aquarium'),
('690', '6', 'unknown-dungeon'),
('691', '3', 'hoenn-pokemon-league'),
('692', '3', 'team-aqua-hideout'),
('693', '3', 'sea-mauville'),
('694', '3', 'team-magma-hideout'),
('695', '3', 'battle-resort'),
('696', '3', 'ss-tidal'),
('697', '3', 'mirage-forest'),
('698', '3', 'mirage-cave'),
('699', '3', 'mirage-mountain'),
('700', '3', 'trackless-forest'),
('701', '3', 'pathless-plain'),
('702', '3', 'nameless-cavern'),
('703', '3', 'fabled-cave'),
('704', '3', 'gnarled-den'),
('705', '3', 'crescent-isle'),
('706', '3', 'secret-islet'),
('707', '3', 'soaring-in-the-sky'),
('708', '3', 'secret-shore'),
('709', '3', 'secret-meadow'),
('710', '7', 'alola-route-1--hauoli-outskirts'),
('711', '7', 'alola-route-1'),
('712', '7', 'alola-route-3'),
('713', '7', 'alola-route-2'),
('714', '7', 'kalae-bay'),
('715', '7', 'melemele-sea'),
('716', '7', 'hauoli-city--beachfront'),
('717', '7', 'hauoli-city--shopping-district'),
('718', '7', 'hauoli-city--marina'),
('719', '7', 'iki-town'),
('720', '7', 'mahalo-trail'),
('721', '7', 'mahalo-trail--plank-bridge'),
('722', '7', 'ruins-of-conflict'),
('723', '7', 'ten-carat-hill'),
('724', '7', 'ten-carat-hill--farthest-hollow'),
('725', '7', 'hauoli-cemetery'),
('726', '7', 'melemele-meadow'),
('727', '7', 'seaward-cave'),
('728', '7', 'berry-fields'),
('729', '7', 'verdant-cavern--trial-site'),
('730', '7', 'verdant-cavern--totems-den'),
('731', '7', 'alola-route-4'),
('732', '7', 'alola-route-5'),
('733', '7', 'alola-route-6'),
('734', '7', 'alola-route-7'),
('735', '7', 'alola-route-8'),
('736', '7', 'alola-route-9'),
('737', '7', 'hano-grand-resort'),
('738', '7', 'hano-beach'),
('739', '7', 'akala-meadow'),
('740', '7', 'paniola-town'),
('741', '7', 'heahea-city'),
('742', '7', 'konikoni-city'),
('743', '7', 'royal-avenue'),
('744', '7', 'memorial-hill'),
('745', '7', 'paniola-ranch'),
('746', '7', 'wela-volcano-park'),
('747', '7', 'wela-volcano-park--totems-den'),
('748', '7', 'brooklet-hill'),
('749', '7', 'brooklet-hill--totems-den'),
('750', '7', 'lush-jungle'),
('751', '7', 'ruins-of-life'),
('752', '7', 'akala-outskirts'),
('753', '7', 'digletts-tunnel'),
('754', '7', 'battle-royal-dome'),
('755', '7', 'alola-route-10'),
('756', '7', 'alola-route-11'),
('757', '7', 'secluded-shore'),
('758', '7', 'alola-route-13'),
('759', '7', 'tapu-village'),
('760', '7', 'alola-route-15'),
('761', '7', 'alola-route-16'),
('762', '7', 'alola-route-17'),
('763', '7', 'alola-route-12'),
('764', '7', 'haina-desert'),
('765', '7', 'alola-route-14'),
('766', '7', 'ulaula-meadow'),
('767', '7', 'po-town'),
('768', '7', 'malie-city-proper'),
('769', '7', 'malie-garden'),
('770', '7', 'mount-hokulani'),
('771', '7', 'blush-mountain'),
('772', '7', 'ruins-of-abundance'),
('773', '7', 'lake-of-the-sunne'),
('774', '7', 'lake-of-the-moone'),
('775', '7', 'mount-lanakila'),
('776', '7', 'shady-house'),
('777', '7', 'thrifty-megamart--abandoned-site'),
('778', '7', 'hokulani-observatory'),
('779', '7', 'alola-pokemon-league'),
('780', '7', 'poni-meadow'),
('781', '7', 'poni-wilds'),
('782', '7', 'ancient-poni-path'),
('783', '7', 'poni-breaker-coast'),
('784', '7', 'poni-grove'),
('785', '7', 'poni-plains'),
('786', '7', 'poni-coast'),
('787', '7', 'poni-gauntlet'),
('788', '7', 'seafolk-village'),
('789', '7', 'vast-poni-canyon'),
('790', '7', 'altar-of-the-sunne'),
('791', '7', 'altar-of-the-moone'),
('792', '7', 'ruins-of-hope'),
('793', '7', 'resolution-cave'),
('794', '7', 'exeggutor-island'),
('795', '7', 'battle-tree'),
('796', '7', 'aether-paradise'),
('797', '7', 'ultra-space'),
('798', '7', 'malie-city--outer-cape'),
('799', '1', 'roaming-kanto'),
('800', '2', 'roaming-johto'),
('801', '3', 'roaming-hoenn'),
('802', '4', 'roaming-sinnoh'),
('803', '3', 'terra-cave'),
('804', '3', 'marine-cave'),
('805', '1', 'two-island'),
('806', '1', 'three-island'),
('807', '1', 'three-isle-path'),
('808', '1', 'six-island'),
('809', '1', 'seven-island'),
('810', '1', 'birth-island'),
('811', '1', 'navel-rock'),
('812', '3', 'faraway-island'),
('813', '3', 'hoenn-battle-frontier'),
('814', '2', 'johto-safari-zone'),
('815', '10', 'cabo-poco'),
('816', '10', 'los-platos'),
('817', '10', 'mesagoza'),
('818', '10', 'cortondo'),
('819', '10', 'alfornada'),
('820', '10', 'pokemon-league'),
('821', '10', 'artazon'),
('822', '10', 'levincia'),
('823', '10', 'zapapico'),
('824', '10', 'cascarrafa'),
('825', '10', 'porto-marinada'),
('826', '10', 'medali'),
('827', '10', 'montenevera'),
('828', '10', 'paldea-south-province-area-one'),
('829', '10', 'paldea-south-province-area-two'),
('830', '10', 'paldea-south-province-area-three'),
('831', '10', 'paldea-south-province-area-four'),
('832', '10', 'paldea-south-province-area-five'),
('833', '10', 'paldea-south-province-area-six'),
('834', '10', 'south-paldean-sea'),
('835', '10', 'poco-path'),
('836', '10', 'inlet-grotto'),
('837', '10', 'naranja-academy'),
('838', '10', 'alfornada-cavern'),
('839', '10', 'grasswither-shrine'),
('840', '10', 'paldea-east-province-area-one'),
('841', '10', 'paldea-east-province-area-two'),
('842', '10', 'paldea-east-province-area-three'),
('843', '10', 'east-paldean-sea'),
('844', '10', 'tagtree-thicket'),
('845', '10', 'schedar-squads-base'),
('846', '10', 'navi-squads-base'),
('847', '10', 'paldea-west-province-area-one'),
('848', '10', 'paldea-west-province-area-two'),
('849', '10', 'paldea-west-province-area-three'),
('850', '10', 'asado-desert'),
('851', '10', 'west-paldean-sea'),
('852', '10', 'segin-squads-base'),
('853', '10', 'icerend-shrine'),
('854', '10', 'paldea-north-province-area-one'),
('855', '10', 'paldea-north-province-area-two'),
('856', '10', 'paldea-north-province-area-three'),
('857', '10', 'casseroya-lake'),
('858', '10', 'dalizapa-passage'),
('859', '10', 'glaseado-mountain'),
('860', '10', 'socarrat-trail'),
('861', '10', 'groundblight-shrine'),
('862', '10', 'firescourge-shrine'),
('863', '10', 'north-paldean-sea'),
('864', '10', 'ruchbah-squads-base'),
('865', '10', 'caph-squads-base'),
('866', '10', 'area-zero'),
('867', '10', 'zero-lab'),
('868', '8', 'galar-route-1'),
('869', '8', 'galar-route-2'),
('870', '8', 'galar-route-3'),
('871', '8', 'galar-route-4'),
('872', '8', 'galar-route-5'),
('873', '8', 'galar-route-6'),
('874', '8', 'galar-route-7'),
('875', '8', 'galar-route-8'),
('876', '8', 'galar-route-9'),
('877', '8', 'galar-route-10'),
('878', '8', 'axews-eye'),
('879', '8', 'ballimere-lake'),
('880', '8', 'ballonlea'),
('881', '8', 'battle-tower'),
('882', '8', 'brawlers-cave'),
('883', '8', 'bridge-field'),
('884', '8', 'challenge-beach'),
('885', '8', 'challenge-road'),
('886', '8', 'circhester'),
('887', '8', 'courageous-cavern'),
('888', '8', 'crown-shrine'),
('889', '8', 'dappled-grove'),
('890', '8', 'dusty-bowl'),
('891', '8', 'dyna-tree-hill'),
('892', '8', 'east-lake-axewell'),
('893', '8', 'fields-of-honor'),
('894', '8', 'forest-of-focus'),
('895', '8', 'freezington'),
('896', '8', 'frigid-sea'),
('897', '8', 'frostpoint-field'),
('898', '8', 'galar-mine'),
('899', '8', 'galar-mine-no-2'),
('900', '8', 'giants-bed'),
('901', '8', 'giants-foot'),
('902', '8', 'giants-mirror'),
('903', '8', 'giants-seat'),
('904', '8', 'glimwood-tangle'),
('905', '8', 'hammerlocke'),
('906', '8', 'hammerlocke-hills'),
('907', '8', 'honeycalm-island'),
('908', '8', 'honeycalm-sea'),
('909', '8', 'hulbury'),
('910', '8', 'galar-iceberg-ruins'),
('911', '8', 'insular-sea'),
('912', '8', 'galar-iron-ruins'),
('913', '8', 'lake-of-outrage'),
('914', '8', 'lakeside-cave'),
('915', '8', 'loop-lagoon'),
('916', '8', 'master-dojo'),
('917', '8', 'max-lair'),
('918', '8', 'motostoke'),
('919', '8', 'motostoke-outskirts'),
('920', '8', 'motostoke-riverbank'),
('921', '8', 'north-lake-miloch'),
('922', '8', 'old-cemetery'),
('923', '8', 'path-to-the-peak'),
('924', '8', 'postwick'),
('925', '8', 'potbottom-desert'),
('926', '8', 'roaring-sea-caves'),
('927', '8', 'galar-rock-peak-ruins'),
('928', '8', 'rolling-fields'),
('929', '8', 'slippery-slope'),
('930', '8', 'slumbering-weald'),
('931', '8', 'snowslide-slope'),
('932', '8', 'soothing-wetlands'),
('933', '8', 'south-lake-miloch'),
('934', '8', 'spikemuth'),
('935', '8', 'split-decision-ruins'),
('936', '8', 'steamdrift-way'),
('937', '8', 'stepping-stone-sea'),
('938', '8', 'stony-wilderness'),
('939', '8', 'stow-on-side'),
('940', '8', 'three-point-pass'),
('941', '8', 'tower-of-darkness'),
('942', '8', 'tower-of-waters'),
('943', '8', 'training-lowlands'),
('944', '8', 'tunnel-to-the-top'),
('945', '8', 'turffield'),
('946', '8', 'warm-up-tunnel'),
('947', '8', 'watchtower-ruins'),
('948', '8', 'wedgehurst'),
('949', '8', 'west-lake-axewell'),
('950', '8', 'workout-sea'),
('951', '8', 'wyndon'),
('952', '9', 'aipom-hill'),
('953', '9', 'ancient-quarry'),
('954', '9', 'arenas-approach'),
('955', '9', 'aspiration-hill'),
('956', '9', 'avalanche-slopes'),
('957', '9', 'avaluggs-legacy'),
('958', '9', 'bathers-lagoon'),
('959', '9', 'bolderoll-ravine'),
('960', '9', 'bolderoll-slope'),
('961', '9', 'bonechill-wastes'),
('962', '9', 'brava-arena'),
('963', '9', 'castaway-shore'),
('964', '9', 'celestica-ruins'),
('965', '9', 'celestica-trail'),
('966', '9', 'clamberclaw-cliffs'),
('967', '9', 'cloudcap-pass'),
('968', '9', 'cloudpool-ridge'),
('969', '9', 'coastlands-camp'),
('970', '9', 'cottonsedge-prairie'),
('971', '9', 'crossing-slope'),
('972', '9', 'deadwood-haunt'),
('973', '9', 'deertrack-heights'),
('974', '9', 'deertrack-path'),
('975', '9', 'diamond-heath'),
('976', '9', 'diamond-settlement'),
('977', '9', 'droning-meadow'),
('978', '9', 'fabled-spring'),
('979', '9', 'firespit-island'),
('980', '9', 'floaro-gardens'),
('981', '9', 'gapejaw-bog'),
('982', '9', 'ginkgo-landing'),
('983', '9', 'glacier-terrace'),
('984', '9', 'golden-lowlands'),
('985', '9', 'grandtree-arena'),
('986', '9', 'grueling-grove'),
('987', '9', 'hearts-crag'),
('988', '9', 'heavenward-lookout'),
('989', '9', 'heights-camp'),
('990', '9', 'hideaway-bay'),
('991', '9', 'holm-of-trials'),
('992', '9', 'horseshoe-plains'),
('993', '9', 'ice-column-chamber'),
('994', '9', 'icebound-falls'),
('995', '9', 'icepeak-arena'),
('996', '9', 'icepeak-cavern'),
('997', '9', 'islespy-shore'),
('998', '9', 'jubilife-village'),
('999', '9', 'hisui-lake-acuity'),
('1000', '9', 'hisui-lake-valor'),
('1001', '9', 'hisui-lake-verity'),
('1002', '9', 'lonely-spring'),
('1003', '9', 'lunkers-lair'),
('1004', '9', 'molten-arena'),
('1005', '9', 'moonview-arena'),
('1006', '9', 'natures-pantry'),
('1007', '9', 'obsidian-falls'),
('1008', '9', 'oreburrow-tunnel'),
('1009', '9', 'pearl-settlement'),
('1010', '9', 'primeval-grotto'),
('1011', '9', 'ramanas-island'),
('1012', '9', 'sacred-plaza'),
('1013', '9', 'sands-reach'),
('1014', '9', 'sandgem-flats'),
('1015', '9', 'scarlet-bog'),
('1016', '9', 'seagrass-haven'),
('1017', '9', 'seaside-hollow'),
('1018', '9', 'shrouded-ruins'),
('1019', '9', 'sludge-mound'),
('1020', '9', 'snowfall-hot-spring'),
('1021', '9', 'hisui-snowpoint-temple'),
('1022', '9', 'hisui-solaceon-ruins'),
('1023', '9', 'sonorous-path'),
('1024', '9', 'space-time-distortion'),
('1025', '9', 'hisui-spring-path'),
('1026', '9', 'stonetooth-rows'),
('1027', '9', 'temple-of-sinnoh'),
('1028', '9', 'the-heartwood'),
('1029', '9', 'tidewater-dam'),
('1030', '9', 'tombolo-walk'),
('1031', '9', 'tranquility-cove'),
('1032', '9', 'hisui-turnback-cave'),
('1033', '9', 'ursas-ring'),
('1034', '9', 'veilstone-cape'),
('1035', '9', 'hisui-wayward-cave'),
('1036', '9', 'wayward-wood'),
('1037', '9', 'whiteout-valley'),
('1038', '9', 'windbreak-stand'),
('1039', '9', 'windswept-run'),
('1040', '9', 'worn-bridge'),
('1041', '8', 'giants-cap'),
('1042', '7', 'hauoli-city'),
('1043', '7', 'verdant-cavern'),
('1044', '7', 'thrifty-megamart'),
('1045', '7', 'malie-city'),
('1046', '7', 'dividing-peak-tunnel'),
('1047', '7', 'heahea-beach'),
('1048', '7', 'sandy-cave'),
('1049', '7', 'ulaula-beach'),
('1050', '7', 'ultra-megalopolis'),
('1051', '7', 'ultra-space-wilds'),
('1052', '7', 'poke-pelago'),
('1053', '7', 'team-rockets-castle'),
('1054', '5', 'roaming-unova'),
('1055', '3', 'mossdeep-space-center'),
('1056', '6', 'roaming-kalos'),
('1057', '10', 'uva-academy'),
('1058', '10', 'apple-hills'),
('1059', '10', 'chilling-waterhead'),
('1060', '10', 'crystal-pool'),
('1061', '10', 'dreaded-den'),
('1062', '10', 'fellhorn-gorge'),
('1063', '10', 'infernal-pass'),
('1064', '10', 'kitakami-hall'),
('1065', '10', 'kitakami-road'),
('1066', '10', 'kitakami-wilds'),
('1067', '10', 'loyalty-plaza'),
('1068', '10', 'mossfell-confluence'),
('1069', '10', 'mossui-town'),
('1070', '10', 'oni-mountain'),
('1071', '10', 'onis-maw'),
('1072', '10', 'paradise-barrens'),
('1073', '10', 'revelers-road'),
('1074', '10', 'timeless-woods'),
('1075', '10', 'wistful-fields'),
('1076', '10', 'canyon-biome'),
('1077', '10', 'canyon-plaza'),
('1078', '10', 'central-plaza'),
('1079', '10', 'chargestone-cavern'),
('1080', '10', 'coastal-biome'),
('1081', '10', 'coastal-plaza'),
('1082', '10', 'league-club-room'),
('1083', '10', 'polar-biome'),
('1084', '10', 'polar-plaza'),
('1085', '10', 'savanna-biome'),
('1086', '10', 'savanna-plaza'),
('1087', '10', 'torchlit-labyrinth');


INSERT INTO "location_areas" ("id", "location_id", "game_index", "identifier") VALUES
('1', '1', '1', ''),
('2', '2', '2', ''),
('3', '3', '3', ''),
('4', '4', '4', ''),
('5', '5', '5', ''),
('6', '6', '6', '1f'),
('7', '6', '7', 'b1f'),
('8', '7', '8', ''),
('9', '8', '9', ''),
('10', '9', '10', ''),
('11', '10', '11', '1f-route-207'),
('12', '10', '12', '2f'),
('13', '10', '13', '3f'),
('14', '10', '14', 'exterior-snowfall'),
('15', '10', '15', 'exterior-blizzard'),
('16', '10', '16', '4f'),
('17', '10', '17', '4f-small-room'),
('18', '10', '18', '5f'),
('19', '10', '19', '6f'),
('20', '10', '20', '1f-from-exterior'),
('21', '10', '21', '1f-route-216'),
('22', '10', '22', '1f-route-211'),
('23', '10', '23', 'b1f'),
('24', '11', '24', 'area-1'),
('25', '11', '25', 'area-2'),
('26', '11', '26', 'area-3'),
('27', '11', '27', 'area-4'),
('28', '11', '28', 'area-5'),
('29', '11', '29', 'area-6'),
('30', '12', '30', '2f'),
('31', '12', '31', '1f'),
('32', '12', '32', 'b1f-a'),
('33', '12', '33', 'b1f-b'),
('34', '12', '34', 'b1f-c'),
('35', '12', '35', 'b2f-a'),
('36', '12', '36', 'b2f-b'),
('37', '12', '37', 'b2f-c'),
('38', '12', '38', 'b3f-a'),
('39', '12', '39', 'b3f-b'),
('40', '12', '40', 'b3f-c'),
('41', '12', '41', 'b3f-d'),
('42', '12', '42', 'b3f-e'),
('43', '12', '43', 'b4f-a'),
('44', '12', '44', 'b4f-b'),
('45', '12', '45', 'b4f-c'),
('46', '12', '46', 'b4f-d'),
('47', '12', '47', 'b5f'),
('48', '13', '48', '1f'),
('49', '13', '49', '2f'),
('50', '13', '50', 'b1f'),
('51', '13', '51', 'inside-b1f'),
('52', '13', '52', 'inside'),
('53', '13', '53', 'inside-exit'),
('54', '14', '54', ''),
('55', '15', '55', '1f'),
('56', '15', '56', 'b1f'),
('57', '16', '57', ''),
('58', '16', '58', 'entrance'),
('59', '16', '59', 'inside'),
('60', '178', '60', ''),
('61', '18', '61', 'pillar-1'),
('62', '18', '62', 'pillar-2'),
('63', '18', '63', 'pillar-3'),
('64', '18', '64', 'before-pillar-1'),
('70', '18', '70', 'between-pillars-1-and-2'),
('76', '18', '76', 'between-pillars-2-and-3'),
('82', '18', '82', 'after-pillar-3'),
('107', '19', '107', '1f'),
('108', '19', '108', 'b1f'),
('109', '19', '109', 'b2f'),
('110', '19', '110', 'b3f'),
('111', '19', '111', 'b4f'),
('112', '19', '112', 'b5f'),
('113', '20', '113', '1f'),
('114', '20', '114', 'b1f'),
('115', '22', '115', '0-9-different-unown-caught'),
('116', '22', '116', '10-25-different-unown-caught'),
('117', '180', '117', '26-plus-different-unown-caught'),
('118', '23', '118', ''),
('119', '24', '119', ''),
('120', '24', '120', '1f'),
('121', '24', '121', 'b1f-left'),
('122', '24', '122', 'b1f-right'),
('123', '24', '123', 'b2f-right'),
('124', '24', '124', 'b2f-left'),
('125', '24', '125', 'b3f'),
('126', '25', '126', 'entrance'),
('127', '25', '127', 'dining-room'),
('128', '25', '128', '2f-private-room'),
('129', '25', '129', '2f'),
('130', '25', '130', '2f-leftmost-room'),
('131', '25', '131', '2f-left-room'),
('132', '25', '132', '2f-middle-room'),
('133', '25', '133', '2f-right-room'),
('134', '25', '134', '2f-rightmost-room'),
('135', '26', '135', 'before-galactic-intervention'),
('136', '26', '136', 'after-galactic-intervention'),
('137', '27', '137', ''),
('138', '28', '138', ''),
('139', '29', '139', ''),
('140', '30', '140', ''),
('141', '31', '141', ''),
('142', '32', '142', ''),
('143', '33', '143', ''),
('144', '34', '144', 'south-towards-jubilife-city'),
('145', '34', '145', 'north-towards-floaroma-town'),
('146', '35', '146', 'south-towards-floaroma-town'),
('147', '35', '147', 'east-towards-eterna-city'),
('148', '36', '148', ''),
('149', '37', '149', ''),
('150', '38', '150', ''),
('151', '39', '151', ''),
('152', '40', '152', '1f'),
('153', '40', '153', '2f'),
('154', '40', '154', '3f'),
('155', '40', '155', '4f'),
('156', '40', '156', '5f'),
('157', '41', '157', 'south-towards-solaceon-town'),
('158', '41', '158', 'west-towards-celestic-town'),
('159', '42', '159', 'west-towards-eterna-city'),
('160', '42', '160', 'east-towards-celestic-town'),
('161', '43', '161', 'north-towards-hearthome-city'),
('162', '43', '162', 'east-towards-pastoria-city'),
('163', '44', '163', ''),
('164', '45', '164', ''),
('165', '46', '165', ''),
('166', '47', '166', ''),
('167', '48', '167', ''),
('168', '49', '168', ''),
('169', '50', '169', ''),
('170', '51', '170', ''),
('171', '52', '171', ''),
('172', '53', '172', ''),
('173', '54', '173', ''),
('174', '55', '174', ''),
('175', '56', '175', ''),
('176', '57', '176', ''),
('177', '58', '177', ''),
('178', '59', '178', ''),
('179', '60', '179', ''),
('180', '61', '180', ''),
('181', '62', '181', ''),
('182', '63', '182', ''),
('183', '64', '183', ''),
('184', '84', '1', ''),
('185', '108', '2', ''),
('186', '69', '3', ''),
('187', '110', '4', ''),
('188', '111', '5', ''),
('189', '153', '6', ''),
('190', '138', '7', '2f'),
('191', '138', '8', '3f'),
('192', '112', '9', ''),
('193', '135', '10', 'outside'),
('194', '135', '11', 'interior-a'),
('195', '135', '12', 'interior-b'),
('196', '135', '13', 'interior-c'),
('197', '135', '14', 'interior-d'),
('198', '141', '15', '1f'),
('199', '141', '16', 'b1f'),
('200', '141', '17', 'b2f'),
('201', '113', '18', ''),
('202', '137', '19', '1f'),
('203', '137', '20', 'b1f'),
('204', '78', '21', ''),
('205', '114', '22', ''),
('206', '115', '23', ''),
('207', '83', '24', ''),
('208', '150', '25', ''),
('209', '116', '26', ''),
('210', '117', '27', ''),
('211', '75', '28', ''),
('212', '66', '29', '1f'),
('213', '66', '30', 'b1f'),
('214', '139', '31', '2f'),
('215', '139', '32', '3f'),
('216', '139', '33', '4f'),
('217', '139', '34', '5f'),
('218', '139', '35', '6f'),
('219', '139', '36', '7f'),
('220', '139', '37', '8f'),
('221', '139', '38', '9f'),
('222', '118', '39', ''),
('223', '119', '40', ''),
('224', '85', '41', ''),
('225', '121', '42', ''),
('226', '122', '43', ''),
('227', '156', '44', '1f'),
('228', '156', '45', 'b1f'),
('229', '156', '46', 'empty-floor-x'),
('230', '156', '47', 'b2f'),
('231', '156', '48', 'empty-floor-y'),
('232', '156', '49', 'b3f'),
('235', '70', '52', ''),
('236', '123', '53', ''),
('237', '81', '54', '1f'),
('238', '81', '55', 'lower-cave'),
('239', '81', '56', 'upper-cave'),
('240', '81', '57', 'b1f'),
('241', '124', '58', ''),
('242', '79', '59', ''),
('243', '125', '60', ''),
('244', '77', '61', '1f'),
('245', '77', '62', 'b1f'),
('246', '77', '63', 'b2f'),
('247', '77', '64', 'b3f'),
('249', '65', '66', ''),
('250', '74', '67', ''),
('251', '126', '68', ''),
('252', '127', '69', ''),
('253', '72', '70', 'violet-city-entrance'),
('254', '72', '71', 'blackthorn-city-entrance'),
('255', '128', '72', ''),
('256', '80', '73', 'mt-moon-square'),
('257', '148', '74', ''),
('258', '136', '75', '1f'),
('259', '136', '76', 'b1f'),
('260', '136', '77', 'b2f'),
('261', '136', '78', 'b3f'),
('262', '136', '79', 'b4f'),
('263', '82', '80', '2f'),
('264', '82', '81', '1f-top'),
('265', '82', '82', '4f'),
('266', '128', '83', 'cave-gate'),
('267', '128', '84', 'inside-cave'),
('268', '139', '85', '10f'),
('269', '82', '86', 'outside'),
('270', '82', '87', '1f'),
('271', '82', '88', 'mountainside'),
('272', '82', '89', '3f'),
('273', '82', '90', 'top'),
('275', '149', '92', ''),
('276', '91', '93', ''),
('277', '98', '94', ''),
('278', '100', '95', ''),
('279', '71', '96', ''),
('280', '154', '97', ''),
('281', '68', '98', ''),
('282', '151', '99', ''),
('283', '67', '100', ''),
('284', '76', '101', ''),
('285', '86', '102', ''),
('286', '129', '103', ''),
('287', '105', '104', ''),
('288', '106', '105', ''),
('289', '107', '106', ''),
('290', '80', '107', '1f'),
('291', '80', '108', '2f'),
('292', '87', '109', '1f'),
('293', '87', '110', 'b1f'),
('294', '152', '111', '1f'),
('295', '88', '112', ''),
('296', '99', '113', 'south-towards-viridian-city'),
('297', '109', '114', ''),
('298', '120', '115', ''),
('299', '130', '116', ''),
('300', '131', '117', ''),
('301', '132', '118', ''),
('302', '133', '119', ''),
('303', '134', '120', ''),
('304', '89', '121', ''),
('305', '90', '122', ''),
('306', '92', '123', ''),
('307', '93', '124', ''),
('308', '94', '125', ''),
('309', '95', '126', ''),
('310', '96', '127', ''),
('311', '97', '128', ''),
('312', '101', '129', ''),
('313', '102', '130', ''),
('314', '103', '131', ''),
('315', '104', '132', ''),
('316', '140', '133', ''),
('317', '73', '134', ''),
('318', '152', '135', '2f'),
('319', '152', '136', '3f'),
('320', '99', '137', 'north-towards-pewter-city'),
('321', '155', '138', ''),
('323', '147', '140', '1f'),
('324', '147', '141', '2f'),
('325', '147', '142', 'b1f'),
('326', '80', '0', 'b1f'),
('327', '80', '0', 'b2f'),
('328', '87', '0', 'b2f'),
('329', '157', '0', ''),
('330', '158', '0', ''),
('331', '159', '0', '1f'),
('332', '159', '0', '2f'),
('333', '159', '0', '3f'),
('334', '160', '0', '1f'),
('335', '160', '0', '2f'),
('336', '160', '0', '3f'),
('337', '160', '0', '4f'),
('338', '160', '0', '5f'),
('339', '160', '0', '6f'),
('340', '160', '0', '7f'),
('341', '161', '0', '1f'),
('342', '161', '0', '2f'),
('343', '161', '0', '3f'),
('344', '161', '0', 'b1f'),
('345', '162', '0', 'middle'),
('346', '162', '0', 'area-1-east'),
('347', '162', '0', 'area-2-north'),
('348', '162', '0', 'area-3-west'),
('349', '151', '0', 'ss-anne-dock'),
('350', '429', '0', ''),
('351', '430', '1', ''),
('352', '431', '2', ''),
('353', '432', '3', ''),
('354', '433', '4', ''),
('355', '434', '5', ''),
('356', '435', '6', ''),
('357', '435', '7', 'back'),
('358', '435', '8', 'b1f'),
('359', '435', '9', 'backsmall-room'),
('360', '436', '10', ''),
('361', '437', '11', '1f'),
('362', '437', '12', 'b1f'),
('363', '437', '13', 'b2f'),
('364', '437', '14', '1fsmall-room'),
('365', '438', '15', ''),
('366', '439', '16', ''),
('367', '440', '17', ''),
('368', '441', '18', '1f'),
('369', '441', '19', '2f'),
('370', '441', '20', '3f'),
('371', '441', '21', '4f'),
('372', '441', '22', '5f'),
('373', '441', '23', '6f'),
('374', '441', '24', 'outside'),
('375', '441', '25', 'summit'),
('376', '442', '26', ''),
('377', '443', '35', 'entrance'),
('378', '443', '36', '1f'),
('379', '443', '37', 'b1f'),
('380', '443', '38', 'b2f'),
('381', '443', '39', 'b3f'),
('382', '444', '40', '1f'),
('383', '444', '41', 'b1f'),
('384', '444', '42', 'b2f'),
('385', '445', '43', ''),
('386', '445', '47', 'b1f'),
('387', '446', '48', 'entrance'),
('388', '446', '49', ''),
('389', '447', '50', ''),
('390', '448', '52', '1f'),
('391', '448', '53', '3f'),
('392', '448', '54', '5f'),
('393', '449', '55', ''),
('394', '450', '56', ''),
('395', '451', '57', ''),
('396', '452', '58', ''),
('397', '453', '59', ''),
('398', '454', '60', ''),
('399', '455', '61', ''),
('400', '456', '62', ''),
('401', '457', '63', ''),
('402', '458', '64', ''),
('403', '459', '65', ''),
('404', '460', '66', ''),
('405', '461', '67', ''),
('406', '462', '68', ''),
('407', '463', '69', ''),
('408', '464', '70', ''),
('409', '465', '71', ''),
('410', '466', '72', ''),
('411', '467', '73', ''),
('412', '468', '74', ''),
('413', '469', '75', ''),
('414', '470', '76', ''),
('415', '471', '77', ''),
('416', '472', '78', ''),
('417', '472', '95', 'underwater'),
('418', '473', '79', ''),
('419', '474', '80', ''),
('420', '474', '96', 'underwater'),
('421', '475', '81', ''),
('422', '476', '82', ''),
('423', '477', '83', ''),
('424', '478', '84', ''),
('425', '479', '85', ''),
('426', '480', '86', ''),
('427', '481', '87', ''),
('428', '482', '88', ''),
('429', '483', '89', 'nwmach-bike-area'),
('430', '483', '90', 'neacro-bike-area'),
('431', '483', '91', 'sw'),
('432', '483', '92', 'se'),
('433', '484', '93', ''),
('434', '485', '94', ''),
('435', '483', '97', 'expansion-south'),
('436', '483', '98', 'expansion-north'),
('437', '486', '99', ''),
('438', '487', '107', ''),
('439', '488', '111', ''),
('440', '489', '112', ''),
('441', '490', '114', 'a'),
('442', '490', '115', 'b'),
('443', '490', '116', 'c'),
('444', '490', '117', 'd'),
('445', '490', '118', 'e'),
('446', '490', '119', 'f'),
('447', '490', '120', 'g'),
('448', '490', '121', 'h'),
('449', '490', '122', 'i'),
('450', '491', '0', ''),
('451', '492', '1', ''),
('452', '493', '2', ''),
('453', '494', '3', ''),
('454', '495', '4', ''),
('455', '496', '5', ''),
('456', '497', '6', ''),
('461', '498', '11', ''),
('488', '500', '40', ''),
('489', '500', '41', 'cave'),
('490', '500', '42', 'inside'),
('491', '500', '44', '1f-cave-behind-team-rocket'),
('492', '500', '45', 'b1f'),
('493', '500', '46', 'b2f'),
('494', '500', '47', 'b3f'),
('495', '501', '50', ''),
('496', '502', '51', 'entrance'),
('497', '502', '52', '1f'),
('498', '502', '53', 'b1f'),
('499', '502', '54', 'waterfall'),
('500', '503', '55', ''),
('501', '504', '56', 'room-1'),
('502', '504', '57', 'room-2'),
('503', '504', '58', 'room-3'),
('504', '504', '59', 'room-4'),
('505', '504', '60', 'room-5'),
('506', '504', '61', 'room-6'),
('507', '504', '62', 'room-7'),
('508', '504', '63', 'room-8'),
('509', '504', '64', 'room-9'),
('510', '504', '65', 'room-10'),
('511', '504', '66', 'item-rooms'),
('512', '505', '70', ''),
('513', '506', '71', ''),
('514', '507', '72', ''),
('515', '508', '73', ''),
('516', '509', '74', ''),
('517', '510', '75', ''),
('518', '511', '76', ''),
('519', '512', '77', ''),
('520', '513', '78', ''),
('521', '514', '79', ''),
('522', '515', '80', ''),
('523', '516', '81', ''),
('524', '517', '82', ''),
('525', '518', '83', ''),
('526', '519', '84', ''),
('527', '520', '85', ''),
('528', '521', '86', ''),
('561', '526', '120', ''),
('562', '527', '121', ''),
('563', '528', '122', ''),
('564', '529', '123', 'a'),
('565', '529', '124', 'b'),
('566', '529', '125', 'c'),
('567', '529', '126', 'd'),
('568', '529', '127', 'e'),
('569', '529', '128', 'f'),
('570', '529', '129', 'g'),
('571', '529', '130', 'h'),
('572', '529', '131', 'i'),
('576', '348', '0', ''),
('577', '352', '1', ''),
('578', '354', '2', ''),
('579', '374', '3', ''),
('580', '374', '4', 'b1f'),
('581', '375', '5', 'outside'),
('582', '375', '6', 'inside'),
('583', '376', '7', 'entrance'),
('584', '376', '8', ''),
('585', '377', '9', 'a'),
('586', '377', '11', 'b'),
('587', '377', '15', 'c'),
('588', '377', '30', 'd'),
('589', '378', '40', ''),
('590', '379', '41', '1f'),
('591', '379', '42', 'b1f'),
('592', '379', '43', 'b2f'),
('593', '380', '44', 'b1f-3f'),
('594', '381', '48', 'entrance'),
('595', '381', '49', 'outside'),
('596', '381', '50', '1f'),
('597', '381', '51', '2f'),
('598', '382', '52', 'outside'),
('599', '382', '53', 'unknown-area-53'),
('600', '382', '54', 'unknown-area-54'),
('601', '382', '55', 'unknown-area-55'),
('602', '382', '56', '4f-middle-room'),
('603', '382', '57', 'unknown-area-57'),
('604', '382', '58', '1f-unknown-room'),
('605', '382', '59', 'unknown-area-59'),
('606', '382', '60', 'unknown-area-60'),
('607', '382', '61', 'unknown-area-61'),
('608', '382', '62', 'unknown-area-62'),
('609', '382', '63', 'unknown-area-63'),
('610', '382', '64', 'unknown-area-64'),
('611', '382', '65', 'unknown-area-65'),
('612', '382', '66', 'unknown-area-66'),
('613', '415', '67', ''),
('614', '403', '68', 'outside'),
('615', '403', '69', ''),
('616', '403', '70', 'forest'),
('617', '403', '71', 'forest-cave'),
('618', '405', '72', ''),
('619', '413', '73', ''),
('620', '407', '74', ''),
('621', '409', '75', ''),
('622', '410', '76', ''),
('623', '356', '77', ''),
('624', '357', '78', ''),
('625', '358', '79', ''),
('626', '395', '80', ''),
('627', '359', '82', ''),
('628', '360', '83', ''),
('629', '361', '84', ''),
('630', '396', '85', ''),
('631', '416', '87', ''),
('632', '362', '88', ''),
('633', '398', '89', '2f'),
('634', '398', '90', '3f'),
('635', '398', '91', '4f'),
('636', '398', '92', '5f'),
('637', '363', '93', ''),
('638', '399', '94', ''),
('639', '364', '95', ''),
('640', '401', '96', '1f'),
('641', '401', '97', 'b1f'),
('642', '401', '98', 'b2f'),
('643', '365', '99', ''),
('644', '365', '100', 'victory-road-gate'),
('645', '366', '101', ''),
('646', '367', '102', ''),
('647', '368', '103', ''),
('648', '369', '104', ''),
('649', '412', '105', ''),
('650', '370', '106', ''),
('651', '371', '107', ''),
('652', '414', '108', ''),
('653', '373', '109', ''),
('654', '384', '110', ''),
('655', '372', '111', ''),
('656', '350', '1', ''),
('657', '531', '3', ''),
('658', '532', '4', ''),
('659', '533', '5', ''),
('660', '382', '31', '7f'),
('661', '548', '71', 'unknown-area-71'),
('662', '548', '72', 'unknown-area-72'),
('663', '548', '73', 'unknown-area-73'),
('664', '548', '74', 'unknown-area-74'),
('665', '548', '75', 'unknown-area-75'),
('666', '548', '76', 'unknown-area-76'),
('667', '548', '77', 'unknown-area-77'),
('668', '548', '78', 'unknown-area-78'),
('669', '548', '79', 'unknown-area-79'),
('670', '548', '80', 'unknown-area-80'),
('671', '543', '37', ''),
('672', '543', '38', 'unknown-area-38'),
('673', '544', '44', 'outer'),
('674', '544', '45', 'inner'),
('675', '545', '46', 'outer'),
('676', '545', '47', 'inner'),
('677', '546', '48', 'unknown-area-48'),
('678', '546', '49', 'unknown-area-49'),
('679', '546', '50', 'unknown-area-50'),
('680', '546', '51', 'unknown-area-51'),
('681', '546', '52', 'unknown-area-52'),
('682', '546', '53', 'unknown-area-53'),
('683', '546', '54', 'unknown-area-54'),
('684', '546', '55', 'unknown-area-55'),
('685', '546', '56', 'unknown-area-56'),
('686', '546', '57', 'unknown-area-57'),
('687', '546', '58', 'unknown-area-58'),
('688', '546', '59', 'unknown-area-59'),
('689', '546', '60', 'unknown-area-60'),
('690', '547', '61', '1f'),
('691', '547', '65', 'b1f'),
('692', '550', '81', 'castelia-sewers-entrance'),
('693', '550', '82', 'relic-castle-entrance'),
('694', '550', '83', 'pwt-entrance'),
('695', '551', '84', ''),
('696', '562', '87', ''),
('697', '563', '90', ''),
('698', '564', '91', ''),
('699', '565', '92', ''),
('700', '554', '93', '1f'),
('701', '554', '94', 'b1f'),
('702', '560', '95', ''),
('703', '538', '128', ''),
('704', '539', '129', ''),
('705', '541', '130', ''),
('706', '542', '131', ''),
('707', '540', '134', ''),
('708', '646', '0', ''),
('709', '614', '0', ''),
('710', '611', '0', ''),
('711', '624', '0', ''),
('712', '633', '0', ''),
('713', '591', '0', ''),
('714', '594', '0', ''),
('715', '597', '0', ''),
('716', '602', '0', ''),
('717', '606', '0', ''),
('718', '609', '0', ''),
('719', '612', '0', ''),
('720', '615', '0', ''),
('721', '618', '0', ''),
('722', '621', '0', ''),
('723', '626', '0', ''),
('724', '629', '0', ''),
('725', '631', '0', ''),
('726', '635', '0', ''),
('727', '638', '0', ''),
('728', '641', '0', ''),
('729', '644', '0', ''),
('730', '647', '0', ''),
('731', '650', '0', ''),
('732', '653', '0', ''),
('733', '655', '0', ''),
('734', '593', '0', ''),
('735', '608', '0', ''),
('736', '671', '0', 'unknown-area-303'),
('737', '671', '0', 'unknown-area-304'),
('738', '623', '0', 'unknown-area-305'),
('739', '623', '0', 'unknown-area-306'),
('740', '623', '0', 'unknown-area-307'),
('741', '623', '0', 'unknown-area-308'),
('742', '640', '0', 'unknown-area-313'),
('743', '640', '0', 'unknown-area-314'),
('744', '640', '0', 'unknown-area-315'),
('745', '640', '0', 'unknown-area-316'),
('746', '640', '0', 'unknown-area-317'),
('747', '652', '0', ''),
('748', '657', '0', 'unknown-area-322'),
('749', '657', '0', 'unknown-area-324'),
('750', '657', '0', 'unknown-area-326'),
('751', '657', '0', 'unknown-area-327'),
('752', '657', '0', 'unknown-area-328'),
('753', '672', '0', ''),
('754', '676', '0', '1f'),
('755', '676', '0', 'b1f-left'),
('756', '676', '0', 'b1f-right'),
('757', '676', '0', 'b2f'),
('758', '676', '0', 'zygardes-chamber'),
('759', '677', '0', ''),
('760', '661', '0', ''),
('761', '120', '0', 'pokemon-center'),
('762', '234', '0', 'fighting-dojo'),
('763', '67', '0', 'celadon-mansion'),
('764', '234', '0', 'silph-co-7f'),
('765', '229', '0', 'north-gate'),
('766', '229', '0', 'bills-house'),
('767', '70', '0', 'manias-house'),
('768', '467', '0', 'weather-institute'),
('769', '432', '0', 'stevens-house'),
('770', '567', '0', ''),
('771', '169', '0', ''),
('772', '170', '0', ''),
('773', '70', '0', 'kirks-house'),
('774', '346', '0', ''),
('775', '350', '0', 'game-freak-hq-1f'),
('776', '361', '0', 'weather-institute'),
('777', '536', '0', ''),
('778', '590', '0', ''),
('779', '599', '0', ''),
('780', '625', '0', ''),
('781', '430', '0', 'contest-hall'),
('782', '571', '0', 'contest-hall'),
('783', '570', '0', 'contest-hall'),
('784', '431', '0', 'contest-hall'),
('785', '578', '0', ''),
('786', '695', '0', ''),
('787', '569', '0', ''),
('788', '2', '0', 'west-gate'),
('789', '169', '0', 'west-gate'),
('790', '153', '0', 'poke-mart'),
('791', '153', '0', 'pokemon-center'),
('792', '349', '0', 'west-gate'),
('793', '139', '0', 'roof'),
('794', '799', '0', 'area'),
('795', '800', '0', 'area'),
('796', '801', '0', 'area'),
('797', '802', '0', 'area'),
('798', '228', '0', 'area'),
('800', '230', '0', 'area'),
('801', '443', '0', 'b4f'),
('802', '803', '0', 'area'),
('803', '804', '0', 'area'),
('804', '448', '0', 'apex'),
('805', '139', '0', '1f'),
('806', '810', '0', 'area'),
('807', '811', '0', 'area'),
('808', '812', '0', 'area'),
('809', '813', '0', 'area'),
('810', '582', '0', 'area'),
('811', '581', '0', 'area'),
('812', '583', '0', 'area'),
('813', '814', '0', 'zone-peak'),
('814', '814', '0', 'zone-desert'),
('815', '814', '0', 'zone-plains'),
('816', '814', '0', 'zone-meadow'),
('817', '814', '0', 'zone-forest'),
('818', '814', '0', 'zone-swamp'),
('819', '814', '0', 'zone-marshland'),
('820', '814', '0', 'zone-mountain'),
('821', '814', '0', 'zone-rocky-beach'),
('822', '814', '0', 'zone-wasteland'),
('823', '814', '0', 'zone-savannah'),
('824', '814', '0', 'zone-wetland'),
('825', '500', '0', 'summit'),
('826', '248', '0', 'kyogre-room'),
('827', '248', '0', 'groundon-room'),
('828', '248', '0', 'rayquaza-room'),
('829', '28', '0', 'cavern'),
('830', '27', '0', 'cavern'),
('831', '172', '0', 'area'),
('832', '109', '0', 'pokemon-center'),
('833', '71', '0', 'cinnabar-lab'),
('834', '573', '0', ''),
('835', '234', '0', 'silph-co'),
('836', '70', '0', 'pokemon-center'),
('837', '16', '0', 'heatran-chamber'),
('838', '183', '0', ''),
('839', '179', '0', ''),
('840', '188', '0', ''),
('841', '237', '0', ''),
('842', '247', '0', ''),
('843', '868', '0', ''),
('844', '869', '0', ''),
('845', '870', '0', 'main'),
('846', '870', '0', 'garbage'),
('847', '871', '0', ''),
('848', '872', '0', ''),
('849', '873', '0', ''),
('850', '874', '0', ''),
('851', '875', '0', 'main'),
('852', '875', '0', 'steamdrift-way'),
('853', '876', '0', 'main'),
('854', '876', '0', 'circhester-bay'),
('855', '876', '0', 'outer-spikemouth'),
('856', '877', '0', 'main'),
('857', '877', '0', 'near-station'),
('858', '878', '0', ''),
('859', '879', '0', ''),
('860', '880', '0', ''),
('861', '881', '0', ''),
('862', '882', '0', ''),
('863', '883', '0', ''),
('864', '884', '0', 'main'),
('865', '884', '0', 'ocean'),
('866', '884', '0', 'river'),
('867', '884', '0', 'beach'),
('868', '885', '0', ''),
('869', '886', '0', ''),
('870', '887', '0', ''),
('871', '888', '0', ''),
('872', '889', '0', ''),
('873', '890', '0', ''),
('874', '891', '0', ''),
('875', '892', '0', ''),
('876', '893', '0', 'main'),
('877', '893', '0', 'beach'),
('878', '894', '0', ''),
('879', '895', '0', ''),
('880', '896', '0', ''),
('881', '897', '0', ''),
('882', '898', '0', ''),
('883', '899', '0', ''),
('884', '900', '0', ''),
('885', '1041', '0', 'main'),
('886', '1041', '0', '2'),
('887', '1041', '0', '3'),
('888', '901', '0', ''),
('889', '902', '0', ''),
('890', '903', '0', ''),
('891', '904', '0', ''),
('892', '905', '0', ''),
('893', '906', '0', ''),
('894', '907', '0', ''),
('895', '908', '0', ''),
('896', '909', '0', ''),
('897', '910', '0', ''),
('898', '911', '0', ''),
('899', '912', '0', ''),
('900', '913', '0', ''),
('901', '914', '0', ''),
('902', '915', '0', 'main'),
('903', '915', '0', 'beach'),
('904', '916', '0', ''),
('905', '917', '0', ''),
('906', '918', '0', ''),
('907', '919', '0', ''),
('908', '920', '0', ''),
('909', '921', '0', ''),
('910', '922', '0', ''),
('911', '923', '0', ''),
('912', '924', '0', ''),
('913', '925', '0', ''),
('914', '926', '0', ''),
('915', '927', '0', ''),
('916', '928', '0', 'main'),
('917', '928', '0', '2'),
('918', '929', '0', ''),
('919', '930', '0', ''),
('920', '931', '0', ''),
('921', '932', '0', ''),
('922', '933', '0', 'main'),
('923', '933', '0', '2'),
('924', '934', '0', ''),
('925', '935', '0', ''),
('926', '936', '0', ''),
('927', '937', '0', 'main'),
('928', '937', '0', '2'),
('929', '938', '0', 'main'),
('930', '938', '0', '2'),
('931', '938', '0', '3'),
('932', '939', '0', ''),
('933', '940', '0', ''),
('934', '941', '0', ''),
('935', '942', '0', ''),
('936', '943', '0', 'main'),
('937', '943', '0', 'beach'),
('938', '944', '0', ''),
('939', '945', '0', ''),
('940', '946', '0', ''),
('941', '947', '0', ''),
('942', '948', '0', ''),
('943', '949', '0', ''),
('944', '950', '0', ''),
('945', '951', '0', ''),
('946', '952', '0', ''),
('947', '953', '0', ''),
('948', '954', '0', ''),
('949', '955', '0', ''),
('950', '956', '0', ''),
('951', '957', '0', ''),
('952', '958', '0', ''),
('953', '959', '0', ''),
('954', '960', '0', ''),
('955', '961', '0', ''),
('956', '962', '0', ''),
('957', '963', '0', ''),
('958', '964', '0', ''),
('959', '965', '0', ''),
('960', '966', '0', ''),
('961', '967', '0', ''),
('962', '968', '0', ''),
('963', '969', '0', ''),
('964', '970', '0', ''),
('965', '971', '0', ''),
('966', '972', '0', ''),
('967', '973', '0', ''),
('968', '974', '0', ''),
('969', '975', '0', ''),
('970', '976', '0', ''),
('971', '977', '0', ''),
('972', '978', '0', ''),
('973', '979', '0', ''),
('974', '980', '0', ''),
('975', '981', '0', ''),
('976', '982', '0', ''),
('977', '983', '0', ''),
('978', '984', '0', ''),
('979', '985', '0', ''),
('980', '986', '0', ''),
('981', '987', '0', ''),
('982', '988', '0', ''),
('983', '989', '0', ''),
('984', '990', '0', ''),
('985', '991', '0', ''),
('986', '992', '0', ''),
('987', '993', '0', ''),
('988', '994', '0', ''),
('989', '995', '0', ''),
('990', '996', '0', ''),
('991', '997', '0', ''),
('992', '998', '0', ''),
('993', '999', '0', ''),
('994', '1000', '0', ''),
('995', '1001', '0', ''),
('996', '1002', '0', ''),
('997', '1003', '0', ''),
('998', '1004', '0', ''),
('999', '1005', '0', ''),
('1000', '1006', '0', ''),
('1001', '1007', '0', ''),
('1002', '1008', '0', ''),
('1003', '1009', '0', ''),
('1004', '1010', '0', ''),
('1005', '1011', '0', ''),
('1006', '1012', '0', ''),
('1007', '1013', '0', ''),
('1008', '1014', '0', ''),
('1009', '1015', '0', ''),
('1010', '1016', '0', ''),
('1011', '1017', '0', ''),
('1012', '1018', '0', ''),
('1013', '1019', '0', ''),
('1014', '1020', '0', ''),
('1015', '1021', '0', ''),
('1016', '1022', '0', ''),
('1017', '1023', '0', ''),
('1018', '1024', '0', ''),
('1019', '1025', '0', ''),
('1020', '1026', '0', ''),
('1021', '1027', '0', ''),
('1022', '1028', '0', ''),
('1023', '1029', '0', ''),
('1024', '1030', '0', ''),
('1025', '1031', '0', ''),
('1026', '1032', '0', ''),
('1027', '1033', '0', ''),
('1028', '1034', '0', ''),
('1029', '1035', '0', ''),
('1030', '1036', '0', ''),
('1031', '1037', '0', ''),
('1032', '1038', '0', ''),
('1033', '1039', '0', ''),
('1034', '1040', '0', ''),
('1035', '711', '0', 'east'),
('1036', '711', '0', 'hauoli-outskirts'),
('1037', '711', '0', 'south'),
('1038', '711', '0', 'trainers-school'),
('1039', '711', '0', 'west'),
('1040', '713', '0', 'main'),
('1041', '713', '0', 'north'),
('1042', '713', '0', 'south'),
('1043', '712', '0', 'main'),
('1044', '712', '0', 'north'),
('1045', '712', '0', 'south'),
('1046', '731', '0', ''),
('1047', '732', '0', ''),
('1048', '733', '0', 'north'),
('1049', '733', '0', 'south'),
('1050', '734', '0', ''),
('1051', '735', '0', 'main'),
('1052', '735', '0', 'fossil-restoration-center'),
('1053', '736', '0', 'main'),
('1054', '736', '0', 'police-station'),
('1055', '755', '0', ''),
('1056', '756', '0', ''),
('1057', '763', '0', ''),
('1058', '758', '0', ''),
('1059', '765', '0', ''),
('1060', '760', '0', 'main'),
('1061', '760', '0', 'aether-house'),
('1062', '761', '0', 'main'),
('1063', '761', '0', 'east'),
('1064', '761', '0', 'west'),
('1065', '762', '0', 'northeast'),
('1066', '762', '0', 'west'),
('1067', '796', '0', '2f'),
('1068', '752', '0', ''),
('1069', '791', '0', ''),
('1070', '790', '0', ''),
('1071', '782', '0', ''),
('1072', '728', '0', ''),
('1073', '771', '0', ''),
('1074', '748', '0', 'main'),
('1075', '748', '0', 'north'),
('1076', '748', '0', 'south'),
('1077', '748', '0', 'totems-den'),
('1078', '753', '0', ''),
('1079', '1046', '0', ''),
('1080', '794', '0', ''),
('1081', '764', '0', ''),
('1082', '738', '0', ''),
('1083', '725', '0', ''),
('1084', '1042', '0', 'main'),
('1085', '1042', '0', 'shopping-district'),
('1086', '1042', '0', 'beachfront'),
('1087', '1047', '0', ''),
('1088', '741', '0', 'surf-association'),
('1089', '719', '0', ''),
('1090', '714', '0', ''),
('1091', '742', '0', ''),
('1092', '774', '0', ''),
('1093', '773', '0', ''),
('1094', '750', '0', 'east-cave'),
('1095', '750', '0', 'north'),
('1096', '750', '0', 'south'),
('1097', '750', '0', 'west'),
('1098', '720', '0', ''),
('1099', '1045', '0', 'main'),
('1100', '1045', '0', 'outer-cape'),
('1101', '769', '0', ''),
('1102', '726', '0', ''),
('1103', '715', '0', ''),
('1104', '744', '0', ''),
('1105', '770', '0', 'main'),
('1106', '770', '0', 'east'),
('1107', '770', '0', 'west'),
('1108', '775', '0', 'base'),
('1109', '775', '0', 'cave'),
('1110', '775', '0', 'outside'),
('1111', '745', '0', ''),
('1112', '740', '0', ''),
('1113', '783', '0', ''),
('1114', '786', '0', ''),
('1115', '787', '0', ''),
('1116', '784', '0', ''),
('1117', '780', '0', ''),
('1118', '785', '0', 'center'),
('1119', '785', '0', 'east'),
('1120', '785', '0', 'north'),
('1121', '785', '0', 'west'),
('1122', '781', '0', ''),
('1123', '793', '0', ''),
('1124', '743', '0', ''),
('1125', '772', '0', ''),
('1126', '722', '0', ''),
('1127', '792', '0', ''),
('1128', '751', '0', ''),
('1129', '1048', '0', ''),
('1130', '788', '0', 'main'),
('1131', '788', '0', 'huntail-boat'),
('1132', '727', '0', ''),
('1133', '757', '0', ''),
('1134', '759', '0', ''),
('1135', '723', '0', 'farthest-hollow'),
('1136', '723', '0', 'inside'),
('1137', '1044', '0', 'abandoned-site'),
('1138', '1049', '0', ''),
('1139', '766', '0', ''),
('1140', '797', '0', 'ultra-crater'),
('1141', '797', '0', 'ultra-deep-sea'),
('1142', '797', '0', 'ultra-desert'),
('1143', '797', '0', 'ultra-forest'),
('1144', '797', '0', 'ultra-jungle'),
('1145', '797', '0', 'ultra-plant'),
('1146', '797', '0', 'ultra-ruin'),
('1147', '1051', '0', 'cave'),
('1148', '1051', '0', 'cliff'),
('1149', '1051', '0', 'crag'),
('1150', '1051', '0', 'waterfall'),
('1151', '789', '0', 'inside'),
('1152', '789', '0', 'northwest'),
('1153', '789', '0', 'outside'),
('1154', '1043', '0', 'trial-site'),
('1155', '1043', '0', 'totems-den'),
('1156', '746', '0', ''),
('1157', '746', '0', 'totems-den'),
('1158', '1052', '0', 'poni-island-reached'),
('1159', '1052', '0', 'ulaula-island-reached'),
('1160', '1052', '0', 'elite-four-defeated'),
('1161', '1053', '0', ''),
('1162', '1050', '0', ''),
('1163', '750', '0', 'all-areas'),
('1164', '762', '0', 'all-areas'),
('1165', '692', '0', ''),
('1166', '694', '0', ''),
('1167', '404', '0', 'lighthouse-basement'),
('1168', '375', '0', 'rumination-field'),
('1169', '1054', '0', ''),
('1170', '387', '0', 'throne-room'),
('1171', '381', '0', '7f'),
('1172', '546', '0', 'b1f'),
('1173', '380', '0', 'b4f'),
('1174', '679', '0', ''),
('1175', '690', '0', ''),
('1176', '675', '0', ''),
('1177', '700', '0', ''),
('1178', '693', '0', ''),
('1179', '693', '0', 'outside'),
('1180', '693', '0', 'inside'),
('1181', '1055', '0', ''),
('1182', '1056', '0', ''),
('1183', '702', '0', ''),
('1184', '707', '0', ''),
('1185', '580', '0', '1f'),
('1186', '580', '0', 'b1f'),
('1187', '580', '0', 'b2f'),
('1188', '580', '0', 'b3f'),
('1189', '705', '0', ''),
('1190', '701', '0', ''),
('1191', '703', '0', ''),
('1192', '704', '0', ''),
('1193', '729', '0', ''),
('1194', '196', '0', ''),
('1195', '797', '0', 'ultra-space-wilds-cliff'),
('1196', '797', '0', 'ultra-space-wilds-water'),
('1197', '797', '0', 'ultra-space-wilds-rocky'),
('1198', '797', '0', 'ultra-space-wilds-cave'),
('1199', '775', '0', 'peak');
